issue_id,issue_date,selected,region,category,title,summary,why_it_matters,url,source,published_at,one_liner,verification_status,notes
2026-04-25-01,2026-04-25,yes,korea,event,서울하프마라톤 개최…26일 광화문~상암 도심 일부 통제,"서울시는 4월 26일(일) 오전 7시 30분 광화문광장을 출발해 여의도공원(10km), 상암 월드컵공원 평화광장(하프)으로 이어지는 '2026 서울하프마라톤대회'를 개최한다고 안내했습니다. 시 발표 기준 참가자는 총 2만2천 명이며, 대회 당일 오전 7시 20분부터 10시 30분까지 코스 구간별 교통 통제가 이뤄집니다(광화문광장 주변은 5시부터 통제).","대회 참가자는 레이스 당일 이동, 집결 동선과 통제 시간을 미리 잡을 수 있고, 비참가 러너/시민도 주말 장거리, 롱런 코스(광화문~한강~마포권) 계획을 조정할 수 있습니다.",https://www.seoul.go.kr/news/news_report.do?nttNo=456772&srchCtgry=466,서울특별시,2026-04-25,4/26 서울하프: 통제 7:20~10:30 체크!,reviewed,01호 발행 콘텐츠.
2026-04-25-01,2026-04-25,yes,korea,event,"하트시그널 러닝 페스타, 2차 추가 접수 4/27 23:59까지","공식 홈페이지에 따르면 '하트시그널 러닝 페스타'는 5월 3일(일) 07:30 서울 마포구 문화비축기지에서 열리며, 10km 종목(참가비 7만원)으로 진행됩니다. 2차 추가 접수는 4월 20일(월) 14:00부터 4월 27일(월) 23:59까지로 표시돼 있고, 2차 추가 접수자는 참가자 키트를 현장에서 수령합니다.","기록 경쟁보다 '러닝+콘셉트형 체험'에 가까워, 혼자 달리는 러너도 이벤트 분위기를 즐기며 달릴 수 있는 선택지입니다. 마감 시간이 명확해(4/27 23:59) 막판 접수 수요가 생기기 쉬워요.",https://heartsignalrunfesta.com/,하트시그널 러닝 페스타(공식),2026-04-24,"하시런페 2차 접수, 4/27 23:59 마감.",reviewed,01호 발행 콘텐츠.
2026-04-25-01,2026-04-25,yes,korea,event,'무한도전 Run with 쿠팡플레이' 6/7 개최…접수는 5/7 하루,"세계일보(4/24 보도)에 따르면 '무한도전 Run with 쿠팡플레이'가 6월 7일 서울 상암 문화비축기지에서 10km 코스로 열립니다. 대회 정보 페이지에는 접수기간이 5월 7일 하루(선착순)로 표시돼 있으며, 주최는 MBC, 쿠팡플레이로 안내됩니다.","인기 IP, 콘셉트형 러닝은 접수 당일 빠르게 마감되는 경우가 많습니다. 5/7 하루 접수로 표시돼 있어, 관심 러너라면 알림, 결제수단을 미리 준비해두는 게 안전합니다.",https://www.kormarathon.com/ko/races/2026-infinite-challenge-run-with-coupang-play,KorMarathon,2026-04-24,"무도런 6/7, 접수는 5/7 '하루' 표기.",reviewed,01호 발행 콘텐츠.
2026-04-25-01,2026-04-25,yes,global,elite,"사베스티안 사웨, 런던 마라톤서 '세계기록 도전' 전망","가디언(4/24) 보도에 따르면 2026 런던 마라톤에서 사베스티안 사웨가 남자 마라톤 세계기록(2:00:35) 페이스를 노릴 수 있다는 관측이 나왔습니다. 기사에서는 사웨가 아디다스의 초경량 레이싱화(Pro Evo 3)를 착용할 예정이며, 제이컵 키플리모, 타미랏 톨라 등 강한 남자 엘리트 라인업이 함께 언급됩니다.",한국 러너에게도 '레이스 전개(페이스메이킹/날씨/경쟁 구도)'가 기록에 어떻게 영향을 주는지 참고가 됩니다. 메이저 마라톤 관전 포인트를 잡아두면 훈련 동기부여에도 도움이 됩니다.,https://www.theguardian.com/sport/2026/apr/24/silent-assassin-sabastian-sawe-targets-world-record-in-london-marathon,The Guardian,2026-04-24,"런던마라톤, 남자 세계기록 페이스가 나올까?",reviewed,01호 발행 콘텐츠.
2026-04-25-01,2026-04-25,yes,global,gear,"아디다스, 97g 'Adizero Adios Pro Evo 3' 공개…4/25부터 제한 판매","아디다스는 4월 23일(현지 릴리즈) 'Adizero Adios Pro Evo 3'를 공개하며 평균 97g의 초경량 슈퍼슈즈라고 밝혔습니다. 공식 발표에는 이전 모델 대비 30% 경량화, 11% 더 큰 앞발 에너지 리턴, 1.6% 러닝 이코노미 개선 등의 수치가 포함돼 있고, 4월 25일부터 adidas.com 및 일부 리테일러에서 제한 수량으로 판매한다고 안내합니다.",슈퍼슈즈의 '경량화 경쟁'은 엘리트뿐 아니라 일반 러너의 레이스데이 슈즈 선택에도 영향을 줍니다. 판매 방식(제한 수량/특정 채널)까지 명시돼 있어 국내 구매 가능성, 리셀 리스크를 가늠하는 데도 도함이 됩니다.,https://news.adidas.com/running/adidas-unveils-its-first-sub-100-gram-supershoe--the-adizero-adios-pro-evo-3/s/ded7b6a2-952a-4246-b675-4129f78787c4,adidas News,2026-04-23,"97g 슈퍼슈즈, 4/25 제한 판매 시작.",reviewed
2026-04-28-02,2026-04-28,yes,korea,event,"컬처런 6/13 영종도, 선착순 5천 명 접수 5월 1일 마감","6월 13일 인천 영종도 씨사이드파크에서 열리는 컬처런 2026의 참가 접수가 5월 1일에 마감됩니다. 하프코스, 10km, 5km 세 종목으로 운영되며, 선착순 5,000명을 모집합니다. 참가비는 하프, 10km 5만원, 5km 4만원이며 인천 중구 시민은 5천원 할인이 적용됩니다.",접수 마감이 사흘 남았습니다. 6월 대회를 찾는 러너라면 지금 바로 확인하고 결정해야 합니다. 영종도 해안 코스라 섬으로 이동하는 동선도 미리 잡아두는 게 좋습니다.,https://culturerun.net/apply/apply.php,컬처런 공식,2026-04-28,"컬처런 접수 5/1 마감, 영종도 5천 명",reviewed,02호 발행 콘텐츠.
2026-04-28-02,2026-04-28,yes,korea,event,"iM뱅크 코리아오픈마라톤 6월 7일 여의도, 추첨 접수 5월 10일 마감","iM뱅크가 시중은행 전환 2주년을 기념해 6월 7일 서울 여의도공원에서 코리아오픈마라톤을 개최합니다. 하프, 10km, 5km 종목으로 총 8,000명을 추첨으로 선발하며, 접수는 5월 10일까지 공식 홈페이지에서 진행합니다.","여의도공원 출발로 교통 접근성이 좋고, 추첨제라 선착순 광클 부담이 없습니다. 5월 10일까지 여유가 있어 보이지만 신청을 잊으면 기회가 없으니 일정에 미리 표시해두는 게 좋습니다.",https://imrun.kr/marathon/code/8046/,iM뱅크 마라톤 공식,2026-04-28,"iM뱅크 마라톤 6/7 여의도, 추첨 5/10",reviewed,02호 발행 콘텐츠.
2026-04-28-02,2026-04-28,yes,korea,news,"봄 29도 마라톤, 파주서 참가자 12명 온열 증상",4월 파주에서 열린 임진각 DMZ 평화 마라톤 대회에서 낮 최고기온 29도 폭염 속에 참가자 12명이 온열 증상으로 쓰러졌습니다. 봄이라도 기온이 갑자기 오르는 날에는 대회 현장에서 빠르게 대처하지 않으면 위험해질 수 있습니다.,"5, 6월 대회를 앞두고 있다면 기온 체크, 페이스 조절, 수분 보충 계획을 미리 세워두세요. 출발 전날까지 기상 예보를 반드시 확인하고, 더운 날은 평소보다 15~20초 느린 페이스로 시작하는 게 안전합니다.",https://www.mt.co.kr/society/2026/04/20/2026042014515122864,머니투데이,2026-04-20,"봄 29도 마라톤, 12명 쓰러져 주의",reviewed,02호 발행 콘텐츠.
2026-04-28-02,2026-04-28,yes,global,event,싱가포르 국제마라톤 접수 오픈…풀코스 ,"BYD 싱가포르 국제마라톤 2026의 참가 접수가 시작됐습니다. 현지인 기준 풀코스 참가비는 188싱가포르달러(약 18만원), 해외 러너는 208싱가포르달러(약 20만원)입니다.","서울에서 직항으로 접근하기 좋은 아시아 대형 마라톤 중 하나입니다. 야간 레이스로 진행돼 열기 부담이 덜하고, 아시아권 원정을 계획 중인 러너라면 접수 초기에 확인해두는 게 유리합니다.",https://www.asiaone.com/singapore/registration-open-byd-singapore-international-marathon-adidas-standard-chartered,AsiaOne,2026-04-27,"싱가포르마라톤 접수 오픈, 풀코스 ",reviewed,02호 발행 콘텐츠. Google News RSS 래핑 링크를 AsiaOne 최종 원문 URL로 교체.
2026-04-28-02,2026-04-28,yes,global,elite,"아세파, 런던마라톤 여자 세계기록 2:15:41","에티오피아의 티그스트 아세파가 4월 26일 2026 런던마라톤 여자 부문에서 2시간 15분 41초를 기록하며 자신이 보유한 여성 단독 세계기록을 9초 단축했습니다. 35km 이후 스퍼트로 2위 오비리(2:15:53)를 12초 차로 제쳤고, 이날 2:16 이내로 세 명이 동시에 들어온 건 역사상 처음입니다.","사웨(남자 sub-2)와 같은 날 여자 부문도 역사가 새로 씌었습니다. 페이스메이킹, 기후 조건, 슈즈 기술이 어떻게 맞물리면 기록이 나오는지 엘리트 레이스에서 배울 점이 있습니다.",https://www.londonmarathonevents.co.uk/london-marathon/article/tigst-assefa-smashes-women-only-world-record-historic-tcs-london-marathon,London Marathon Events,2026-04-26,"아세파, 여자 세계기록 2:15:41 런던",reviewed,02호 발행 콘텐츠.
2026-04-30-03,2026-04-30,yes,korea,event,2026 푸른하늘런 6/6 상암 개최…접수 5월 28일 마감,"6월 6일 현충일 서울 상암 월드컵공원 평화광장에서 '2026 푸른하늘런'이 열립니다. 하프, 10km, 5km 세 종목으로 운영되며, 접수는 5월 28일까지 진행됩니다. 참가비는 전 종목 5만원입니다.",현충일에 서울에서 달릴 수 있는 접근성 좋은 대회입니다. 6월 초 대회를 찾는 러너라면 접수 마감 전에 일정과 이동 동선을 확인해두세요.,https://blueskyrun.kr/,푸른하늘런 공식,,"현충일 상암 달리기, 접수 5/28 마감",reviewed,6/6 상암 월드컵공원 평화광장. 5km
2026-04-30-03,2026-04-30,yes,korea,event,송도 이봉주 마라톤 6/28 첫 개최…1만 명 선착순 모집,"제1회 송도 이봉주 마라톤이 6월 28일 인천대학교 송도캠퍼스 일원에서 열립니다. 10km와 5km 두 종목으로 운영되며, 참가비는 모두 5만원입니다. 공식 홈페이지 기준 참가 인원은 1만 명 선착순입니다.","수도권에서 접근 가능한 새 대회이고, 이봉주 선수 이름을 내건 첫 회 행사라 관심이 몰릴 수 있습니다. 6월 말 5km, 10km 대회를 찾는 러너에게 좋은 선택지입니다.",https://runsongdo.co.kr/,송도 이봉주 마라톤 공식,,"송도 이봉주 마라톤, 6/28 첫 개최",reviewed,6/28 인천대학교 송도캠퍼스. 10km
2026-04-30-03,2026-04-30,yes,korea,event,지중해마을 라이트런 6/13 아산 야간 개최…5월 1일 접수 오픈,"2026 지중해마을 라이트런이 6월 13일 충남 아산시 지중해마을 광장에서 열립니다. 10km, 5km, 1.2km 종목으로 안내되어 있으며, 접수는 5월 1일 시작해 6월 5일까지 진행됩니다.",발행 다음 날 접수가 열리는 후보라 바로 알림을 걸어둘 수 있습니다. 야간 러닝과 지역 축제 분위기를 함께 원하는 러너에게 맞는 대회입니다.,https://bluecrystalmarathon.imweb.me/,지중해마을 라이트런 공식,,"아산 야간 러닝, 5/1 접수 오픈",reviewed,공식 홈페이지 bluecrystalmarathon.imweb.me 200 OK 확인. 기존 lightrun2026.imweb.me는 404.
2026-04-30-03,2026-04-30,yes,global,elite,Korir 보스턴마라톤 2:01:52 코스 신기록…15년 만의 경신,"4월 20일 열린 2026 보스턴 마라톤에서 케냐의 존 코리르가 2시간 1분 52초로 우승하며 코스 기록을 새로 썼습니다. 2011년 제프리 무타이가 세운 2:03:02를 넘어선 기록이며, 여자부에서는 샤론 로케디가 2:18:51로 2연패했습니다.",보스턴은 언덕과 포인트투포인트 코스 특성 때문에 기록이 쉽지 않은 대회입니다. 2:01대 코스 기록은 엘리트 레이스 수준과 슈즈, 페이스 흐름을 함께 볼 수 있는 신호입니다.,https://worldathletics.org/news/report/korir-lokedi-course-record-boston-marathon,World Athletics,2026-04-20,코리르 보스턴 코스 신기록 2:01:52,reviewed
2026-04-30-03,2026-04-30,yes,global,gear,나이키 페가수스 42 출시…에너지 리턴 15% 향상, 4월 9일 발매,"나이키가 페가수스 42를 4월 9일 출시했습니다. 이번 모델은 곡선형 풀렝스 Air Zoom 유닛을 적용해 이전 모델보다 에너지 리턴을 15% 높였고, 일상 훈련부터 커뮤니티 런까지 폭넓게 쓰는 데 초점을 맞췄습니다.",페가수스는 국내 러너도 많이 신는 대표 데일리 트레이너입니다. 고가 레이스화가 부담스러운 러너라면 일상 훈련화 변화가 실제 구매 판단에 더 직접적으로 연결됩니다.,https://about.nike.com/en/newsroom/releases/nike-pegasus-42-official-images,Nike 공식,2026-02-24,"페가수스 42, 풀렝스 Air Zoom 적용",reviewed
2026-05-02-04,2026-05-02,yes,korea,event,IRON RUN 2026 포항 영일대 7월 4일 개최…5천 명 선착순,"IRON RUN 2026은 7월 4일 포항 영일대해수욕장 장미광장 일원에서 열립니다. 공식 대회요강 기준 출발은 오전 8시, 모집은 선착순 5,000명이며 접수는 5월 31일 18:00까지입니다. 코스는 3.8km, 7.87km, 15.38km 세 가지로, 일반적인 5km, 10km 구성이 아니라 아이언맨 거리에서 착안한 숫자를 러닝 이벤트로 바꾼 점이 특징입니다.","이 대회는 기록형 로드 레이스보다 콘셉트형 여름 러닝에 가깝습니다. 7월 포항 해변이라는 조건상 참가 여부를 정할 때 거리보다 기온, 급수, 이동 동선, 완주 후 회복 계획을 먼저 봐야 합니다. 10km 다음 목표를 찾는 러너에게는 15.38km가 부담은 있지만 기억에 남는 중간 단계가 될 수 있습니다.",https://www.ironrun.kr/ko/sub1_1.html,IRON RUN 공식,2026-05-02,"아이언런 7/4 포항, 접수 5/31까지",reviewed,"공식 대회요강 확인. 7/4 08:00 출발, 포항 영일대해수욕장 장미광장. 선착순 5000명, 5/31 18:00 접수 마감. 3.8km 25000원, 7.87km 35000원, 15.38km 40000원. 메인 스토리용으로 요약/코멘트 확장."
2026-05-02-04,2026-05-02,yes,korea,event,큰별 나눔 마라톤 6월 27일 상암 개최…접수 6월 7일까지,"2026 큰별 나눔 마라톤은 6월 27일 상암 월드컵공원 평화광장에서 열리는 하프, 10km, 5km 대회입니다. 공개 일정에는 3월 5일부터 6월 7일까지 접수, 전 종목 참가비 5만원, 넷타임 기록 측정과 물품보관소 운영이 안내돼 있습니다.",서울권 여름 초입 대회 중 접수 기간이 아직 남아 있는 후보입니다. 하프까지 열려 있어 10km에서 장거리로 넘어가는 러너에게 선택지가 됩니다.,https://bigstarrun.kr/,큰별 나눔 마라톤 공식,2026-05-02,"큰별 나눔 6/27 상암, 하프, 10km, 5km",reviewed,공식 홈페이지 bigstarrun.kr 확인. 수집 시 참고 출처는 김러닝이었으나 원문은 공식 사이트로 교체.
2026-05-02-04,2026-05-02,yes,korea,event,골드러시 5월 17일 미사 개최…완주자 대상 금 1돈 추첨,"러너블 홈 배너는 2026 골드러시를 “마지막 접수 중”으로 안내하며, 대회일은 5월 17일입니다. 공개 대회 정보에는 하남 미사경정공원에서 약 7,000명 규모로 열리고, 10km 8시, 11시 출발 선택지와 완주자 대상 순금 1돈 추첨 이벤트가 안내돼 있습니다.","기록만 노리는 대회가 아니라 이벤트형 10km라는 점이 다릅니다. 5월 중순 가까운 일정이라 참가자에게는 레이스 운영, 출발 시간 확인, 미참가자에게는 대회 콘셉트 트렌드를 짚어줄 수 있습니다.",https://runable.me/comp/3735,골드러시 공식,2026-05-02,"골드러시 5/17 미사, 완주 후 금 1돈 이벤트",reviewed,runable.me/comp/3735가 주최사 공식 페이지로 확인됨. 수집 시 참고 출처는 러너블이었으나 원문은 공식 이벤트 페이지로 교체.
2026-05-02-04,2026-05-02,yes,korea,event,양양 강변 전국마라톤 9월 12일 개최…남대천 코스 운영,"2026 양양 강변 전국마라톤은 9월 12일 강원 양양군 웰컴센터와 남대천 일원에서 열립니다. 공식 YRUN 사이트에는 2026년 접수 안내 공지가 올라와 있고, 공개 대회 정보에는 하프, 10km, 5km 운영과 G1방송, 양양군 주최가 안내돼 있습니다.",가을 장거리 시즌 전에 잡을 수 있는 강원권 로드 레이스입니다. 바다, 강변 러닝 여행 콘셉트가 있어 수도권 반복 대회와 다른 선택지를 줄 수 있습니다.,https://yrun.wizrun.com/notice/notice?stx=&sty=,양양 YRUN 공식,2026-02-25,"양양 YRUN 9/12, 남대천 강변 코스",reviewed
2026-05-02-04,2026-05-02,yes,global,news,"월드애슬레틱스, 2030년부터 단독 세계마라톤선수권 추진","월드애슬레틱스는 4월 7일 2030년부터 World Athletics Marathon Championships를 별도 대회로 도입하겠다는 로드맵을 발표했습니다. 2027년과 2029년 세계선수권까지는 마라톤이 기존 세계선수권 안에 남고, 2031년부터는 마라톤 등 도로 종목이 세계선수권 프로그램에서 빠지는 구상입니다.","마라톤이 트랙 중심 세계선수권의 한 종목에서 독립 이벤트로 커질 수 있다는 신호입니다. 메이저 대회, 국가대표 선발, 도로 러닝 팬덤의 구조가 장기적으로 바뀔 수 있습니다.",https://worldathletics.org/news/press-releases/athens-2030-world-marathon-championships,World Athletics,2026-04-07,2030년부터 마라톤 세계선수권 독립 추진,reviewed,"World Athletics 공식 보도자료 확인. Athens preferred host, annual standalone championships, 2031부터 WCH에서 도로 종목 제외 구상."
2026-05-05-05,2026-05-05,yes,korea,event,"한화생명 시그니처 63RUN, 5월 6일 티켓 예매 시작","한화생명은 5월 23일 여의도 63빌딩에서 시그니처 63RUN을 연다고 안내했습니다. 5월 6일부터 티켓 예매가 시작되며, 시그니처 1회 오르기와 챌린지 6회 오르기 2개 부문으로 총 500명을 모집합니다.",일반 로드 레이스와 다른 수직 마라톤이라 짧은 시간에 강한 운동 자극을 원하는 러너에게 맞습니다. 예매 기간이 짧고 모집 인원도 적어 관심 있다면 5월 6일 알림을 걸어둘 필요가 있습니다.,https://www.hankyung.com/article/202604278188P,한국경제/한화생명,2026-04-27,"63RUN 티켓 5/6 오픈, 총 500명 모집.",reviewed,한국경제 보도자료와 KorMarathon 일정 교차 확인.
2026-05-05-05,2026-05-05,no,korea,event,"안양천 장미꽃 축제 마라톤, 5월 14일까지 접수","2026 안양천 장미꽃 축제 마라톤은 5월 23일 신정교 하부 영롱이 억새구장에서 열립니다. 공식 대회요강 기준 하프는 08:00, 10km는 08:15, 5km는 08:45에 출발하며 접수는 5월 14일까지입니다.",서울 서남권에서 접근하기 쉬운 도심 하천 코스입니다. 환불 신청 기준일과 택배 수령지 변경 마감이 따로 있어 접수 전 운영 공지를 같이 확인해야 합니다.,https://roserun.kr/info/,안양천 장미꽃 축제 마라톤 공식,2026-05-04,"안양천 장미런, 접수 5/14까지.",reviewed,공식 대회요강
2026-05-05-05,2026-05-05,yes,korea,event,"커피 빵빵런, 5월 9~10일 강릉 개최…일부 10K 그룹 잔여","커피 빵빵런2026은 5월 9~10일 강릉 경포호수광장에서 열리는 5km, 10km 러닝 이벤트입니다. 공식 페이지 기준 10km는 5월 10일 일부 그룹 참가권이 남아 있고, 참가비는 10km 5만9천원입니다.",주말 여행형 레이스를 찾는 러너에게 강릉 코스와 지역 먹거리 콘셉트가 분명한 선택지입니다. 잔여 그룹이 제한적이라 일정이 맞는지 먼저 확인해야 합니다.,https://coffeebbangrun.com/shop_view?idx=350,커피 빵빵런 공식,2026-05-04,"강릉 커피 빵빵런, 5/10 일부 그룹 잔여.",reviewed,공식 대회소개와 10K 참가권 페이지 교차 확인.
2026-05-05-05,2026-05-05,yes,korea,event,"윙스 포 라이프 월드런 부천, 5월 10일 밤 8시 동시 출발","Wings for Life World Run 부천 App Run은 5월 10일 20:00 부천종합운동장에서 출발합니다. 공식 안내 기준 Virtual Catcher Car가 출발 30분 뒤 14km/h로 추격을 시작하고, 참가비와 기부금은 척수 손상 연구에 사용됩니다.",정해진 결승선 없이 캐처카에게 잡힐 때까지 달리는 방식이라 초보 러너도 자기 페이스로 참여할 수 있습니다. 오프라인 부천 참가와 앱 참가를 고를 수 있어 접근성이 좋습니다.,https://www.wingsforlifeworldrun.com/en/locations/bucheon,Wings for Life World Run 공식,2026-05-04,"윙스런 부천 5/10 20:00, 캐처카 방식.",reviewed,공식 Bucheon App Run 페이지 확인.
2026-05-05-05,2026-05-05,no,korea,event,"서울 유아차 레이스, 5월 10일 어린이대공원 개최",2026 서울 유아차 레이스 with 신한 20+뛰어요는 5월 10일 서울 어린이대공원에서 열리는 가족형 러닝 이벤트입니다. 보도에 따르면 영유아 및 미취학 자녀를 둔 가족이 유아차를 이용해 함께 걷거나 달리는 방식으로 진행됩니다.,러닝을 기록 경쟁이 아니라 가족 야외활동으로 확장하는 사례입니다. 아이와 함께 움직이는 러너에게는 대회장 동선과 준비물을 미리 점검할 만한 소식입니다.,https://news.nate.com/view/20260430n27809,키즈맘뉴스/네이트,2026-04-30,"서울 유아차 레이스 5/10, 가족형 러닝.",reviewed,보도자료와 공개 대회정보 교차 확인.
2026-05-05-05,2026-05-05,yes,korea,event,"시골'S런 양주 꿀런, 5월 8일 접수 마감","스파인더 공식 대회 페이지 기준 시골'S런 양주 꿀런은 5월 16일 10:30 양주 나리농원에서 열립니다. 3km와 5km 종목으로 운영되며 참가비는 3만5천원, 접수는 5월 8일까지입니다.",기록형 대회보다 꽃길, 피크닉, 지역 농가 상생을 앞세운 체험형 러닝입니다. 짧은 거리라 입문자나 가족 러너가 부담 없이 선택할 수 있습니다.,https://www.sfinder.co.kr/contest/contest_info/390,스파인더 공식,2026-05-04,"양주 꿀런 접수 5/8 마감, 3km, 5km."
2026-05-05-05,2026-05-05,no,korea,event,"독도수호 동호인마라톤, 5월 6일 접수 마감","2026년 독도 수호를 위한 동호인마라톤대회는 5월 31일 경주 서천 체육공원에서 열립니다. 공개 일정 기준 접수는 5월 6일까지이며 10km, 하프, 혼성릴레이 28km 종목이 안내돼 있습니다.",접수 마감이 발행 다음 날이라 놓치기 쉬운 지역 동호인 대회입니다. 릴레이 종목이 있어 개인 기록보다 팀 단위 참가를 원하는 러너에게 맞습니다.,https://kimrunning.com/marathon/111/list,김러닝,2026-05-04,독도수호 동호인마라톤 접수 5/6 마감.,reviewed,김러닝 일정과 KorMarathon 공식 웹사이트 링크 교차 확인.
2026-05-05-05,2026-05-05,no,korea,event,"마인드마라톤, 6월 7일 서울광장서 1만 명 규모 기부 레이스",마인드마라톤 공식 페이지는 6월 7일 서울광장에서 아동, 청소년 마음건강을 응원하는 1만 명 규모 기부 마라톤을 연다고 안내합니다. 참가비 전액은 마음건강 관련 NGO에 기부되는 구조입니다.,"대회 참가가 기부와 연결되는 사례라, 러너가 레이스 선택 기준을 기록뿐 아니라 사회적 메시지로 넓혀볼 수 있습니다. 서울 도심 대회라 접근성도 좋습니다.",https://mindmarathon.kr/,마인드마라톤 공식,2026-05-04,"마인드마라톤 6/7 서울광장, 참가비 전액 기부.",reviewed
2026-05-05-05,2026-05-05,no,global,event,"제네바 마라톤, 5월 9~10일 20회 대회 개최","Generali Geneva Marathon은 5월 9~10일 열리며 2026년에 20회째를 맞습니다. 공식 페이지는 마라톤을 포함해 여러 종목이 운영되는 주말형 대회라고 안내하고, 스위스에서 빠른 코스로 알려진 대회라는 점을 강조합니다.",유럽 봄 마라톤 원정을 보는 러너에게 일정과 대회 성격을 비교할 만한 기준이 됩니다. 런던 이후 5월 유럽 레이스 흐름을 이어서 보기 좋습니다.,https://www.generaligenevemarathon.com/en,Generali Geneva Marathon 공식,2026-05-04,"제네바마라톤 5/9~10, 20회째 개최.",reviewed,공식 대회 홈페이지 확인.
2026-05-05-05,2026-05-05,yes,global,elite,"프라하마라톤, Berehanu 2:05:51 우승…Jelimo 여자부 정상",Prague Daily News 보도에 따르면 5월 3일 열린 31회 Vodafone Prague Marathon에서 에티오피아의 Wendemu Tsegu Berehanu가 2시간 5분 51초로 우승했습니다. 여자부는 Millicent Jelimo가 2시간 24분 19초로 정상에 올랐습니다.,런던 이후 이어진 유럽 봄 마라톤의 엘리트 흐름을 볼 수 있는 결과입니다. 코스 기록에 근접한 남자 우승 기록은 빠른 도심 코스와 페이스 운영을 비교하는 데 참고가 됩니다.,https://www.praguedaily.news/2026/05/03/vodafone-prague-marathon-2026-ethiopian-berehanu-wins-in-2-05-51-havlena-again-czech-champion/,Prague Daily News,2026-05-03,"프라하마라톤 남자 2:05:51, 여자 2:24:19.",reviewed,Prague Daily News 결과 기사 확인.
2026-05-07-06,2026-05-07,yes,korea,news,"KB 마라톤 카드, JTBC 서울마라톤 10K 참가권 200명 추첨",러너블 커뮤니티 공지에 따르면 KB 마라톤 카드는 5월 1일부터 31일까지 카드 5만원 이상 이용 후 응모한 사람 중 200명에게 2026 JTBC 서울마라톤 10K 참가권을 추첨 제공합니다. 당첨 안내는 6월 12일 안에 문자로 진행됩니다.,"서울마라톤 10K 참가권은 접수 경쟁이 치열한 편이라, 이미 카드 이용 계획이 있는 러너라면 이벤트 조건과 비용을 따져볼 만합니다.",https://runable.me/comm/8153936f-5e9c-48b8-bf8e-f320ceeaf6ff,러너블 커뮤니티,2026-05-02,"KB 카드 이용 이벤트, 제마 10K 참가권 200명 추첨.",reviewed,러너블 커뮤니티 공지 확인. 카드 연회비와 5만원 이용 조건이 있어 홍보성보다 조건 안내 중심으로 정리.
2026-05-07-06,2026-05-07,no,korea,event,"러너이퓨 해외 마라톤 토크, 5월 14일 합정 개최",러너블 홈 배너는 '러너이퓨와 함께 해외 마라톤 이야기' 행사를 5월 14일 19시 30분 합정 탭샵바에서 연다고 안내합니다. 해외 마라톤 경험과 준비 이야기를 다루는 오프라인 러닝 커뮤니티형 이벤트입니다.,"가을, 겨울 해외 레이스를 고민하는 러너에게는 실제 준비 경험을 듣고 일정, 숙박, 이동 리스크를 점검할 기회가 됩니다.",https://runable.me/,러너블,2026-05-07,해외 마라톤 토크 5/14 합정 개최.,reviewed,러너블 홈 배너 확인. 신청 상세 페이지는 배너 기반이라 행사명
2026-05-07-06,2026-05-07,no,korea,event,"전마협 하계 무료 훈련 마라톤, 7월 4일 금산 개최","KorMarathon 기준 2026 전마협 하계 무료 훈련 마라톤은 7월 4일 충남 금산인삼엑스포주차장에서 열립니다. 5km와 10km 종목이 안내돼 있고, 접수 기간은 4월 1일부터 6월 30일까지입니다.",여름 초입에 기록 레이스보다 훈련 목적의 5km, 10km를 찾는 러너에게 맞습니다. 무료 훈련 성격이라 장거리 시즌 전 컨디션 점검용으로 볼 수 있습니다.,https://www.kormarathon.com/ko/races/2026-summer-free-training-marathon,KorMarathon,2026-05-07,"전마협 하계 무료 훈련런, 7/4 금산.",reviewed
2026-05-07-06,2026-05-07,no,korea,event,"포항마라톤 챔피언십, 11월 7일 5K, 10K 선착순 접수","KorMarathon 대회 정보에 따르면 2026 포항마라톤 챔피언십은 11월 7일 경북 영일대해상누각 일원에서 열립니다. 5km 참가비는 3만원, 10km는 5만원이며 6월 30일까지 선착순 접수로 안내돼 있습니다.",가을 후반 10km 목표 대회를 미리 잡고 싶은 러너에게 일정 선택지가 됩니다. 접수 후 3일 이내 입금 조건이 있어 신청만 하고 놓치지 않게 확인해야 합니다.,https://www.kormarathon.com/ko/races/2026-pohang-marathon-championship,KorMarathon,2026-05-07,"포항마라톤 11/7, 5K, 10K 접수 중.",reviewed,KorMarathon 상세와 공식 홈페이지 링크 확인. 같은 포항 지역이지만 기존 IRON RUN과 대회
2026-05-07-06,2026-05-07,yes,korea,event,"참행복 마라톤, 6월 21일 상암서 하프, 10K, 5K 운영","KorMarathon 기준 2026 참행복 마라톤은 6월 21일 서울 상암월드컵공원 평화광장에서 열립니다. 하프, 10km, 5km 전 종목 참가비는 5만원으로 안내돼 있고, 접수 마감일은 6월 14일입니다.",서울권에서 하프까지 운영되는 6월 대회를 찾는 러너에게 선택지가 됩니다. 전 종목 기록 측정 안내가 있어 기록 확인 목적의 참가에도 맞습니다.,https://www.kormarathon.com/ko/races/2026-true-happiness-marathon,KorMarathon,2026-05-07,"참행복 마라톤 6/21 상암, 전 종목 5만원.",reviewed,KorMarathon 상세와 공식 사이트 링크 확인.
2026-05-07-06,2026-05-07,yes,korea,event,"안양천 장미꽃 축제 마라톤, 5월 14일 접수 마감","KorMarathon과 공식 대회 정보 기준 2026 안양천 장미꽃 축제 마라톤은 5월 23일 서울 신정교 하부 영롱이 억새구장에서 열립니다. 5km, 10km, 하프 종목으로 운영되며 접수는 5월 14일까지입니다.",마감까지 일주일 남은 서울 서남권 하천 코스입니다. 봄꽃 콘셉트와 하프 종목을 함께 찾는 러너라면 일정과 출발 시간을 바로 확인할 만합니다.,https://www.kormarathon.com/ko/races/2026-anyangcheon-rose-festival-marathon,KorMarathon,2026-05-07,안양천 장미런 접수 5/14 마감.,reviewed,KorMarathon 상세와 공식 대회 페이지 교차 확인. 이전 후보였지만 미발행 상태라 최신 수집 후보로 재검토.
2026-05-07-06,2026-05-07,yes,global,event,"코펜하겐26 세계로드러닝선수권, 참가권 리셀 플랫폼 오픈",World Athletics Road Running Championships Copenhagen 26 조직위는 5월 5일 참가권을 사고팔 수 있는 공식 리셀 플랫폼을 열었다고 안내했습니다. 대기 풀에 등록하면 판매 물량이 나올 때 무작위 추첨 방식으로 구매 기회를 받을 수 있습니다.,세계선수권 시민 레이스 참가권을 안전하게 양도받을 수 있는 공식 통로입니다. 해외 레이스 참가를 고민하는 러너에게 비공식 양도 리스크를 줄이는 방법을 보여줍니다.,https://worldathletics.org/en/competitions/world-athletics-road-running-championships/copenhagen26/news/news/the-resale-platform-is-now-live,World Athletics Copenhagen 26,2026-05-05,코펜하겐26 공식 참가권 리셀 플랫폼 오픈.,reviewed,World Athletics 검색 결과와 Copenhagen 26 공식 뉴스 요약 확인.
2026-05-07-06,2026-05-07,no,global,news,"런던마라톤 2027, 전 세계 신청 133만 명 돌파","The Guardian 보도에 따르면 2027 런던마라톤 추첨 신청은 전 세계 133만8,544건으로 집계됐습니다. 영국 내 신청만 100만8,091건이며, 여성과 남성 신청 비율은 거의 같고 20대 여성 신청자가 가장 큰 연령대였습니다.","러닝 붐이 대형 마라톤 접수 경쟁으로 이어지는 흐름을 보여줍니다. 해외 메이저를 노리는 러너라면 추첨 확률, 대체 레이스, 여행 비용을 더 일찍 계산해야 합니다.",https://www.theguardian.com/sport/2026/may/05/london-marathon-record-applications-2027-race,The Guardian,2026-05-05,"런던 2027 신청 133만, 메이저 추첨 경쟁 심화.",reviewed,The Guardian 기사 확인. 기존 런던 기록 결과와 달리 참가 신청 트렌드 소식으로 분리.
2026-05-07-06,2026-05-07,yes,global,gear,"ASICS Gel-Kayano 33, 6월 1일 글로벌 출시 예정","T3 보도에 따르면 ASICS Gel-Kayano 33은 6월 1일 글로벌 출시 예정이며, FLUIDSUPPORT라는 새 안정화 시스템을 적용했습니다. 미드솔은 FF BLAST MAX와 FF BLAST PLUS 이중 구조이고, 가격은 200유로로 안내됐습니다.",안정화 러닝화가 딱딱한 지지 구조보다 부드러운 가이드 방식으로 이동하는 흐름입니다. 과내전 보정화나 장거리 훈련화를 찾는 러너가 비교 기준으로 삼을 만합니다.,https://www.t3.com/active/running/asics-changes-gel-kayano-33-launch-0526,T3,2026-05-05,"카야노 33, 6/1 출시와 새 FLUIDSUPPORT 적용.",reviewed,T3 기사 확인. 이전 발행한 adidas 초경량 레이싱화와 다른 안정화 훈련화 카테고리.
2026-05-07-06,2026-05-07,no,global,event,"5월 월드애슬레틱스 라벨 로드레이스, 코펜하겐, 제네바, 리가로 이어진다","World Athletics Label Road Races 일정에는 5월 10일 Copenhagen Marathon, Generali Genève Marathon, HATYAi21, Rabat Marathon이 올라와 있습니다. 5월 중순에는 Karlovy Vary Half와 Riga Marathon 주간, 5월 말에는 Cape Town City Marathon과 Ottawa Marathon 등이 이어집니다.",해외 레이스 결과를 볼 때 어떤 대회가 라벨 레이스인지 알면 기록의 맥락을 읽기 쉽습니다. 원정 대회를 찾는 러너에게도 5월 레이스 지형을 한눈에 보는 기준이 됩니다.,https://worldathletics.org/competitions/world-athletics-label-road-races,World Athletics,2026-05-07,"5월 라벨 로드레이스, 유럽, 아시아, 아프리카로 확장.",reviewed,World Athletics Label Road Races 일정 확인. 제네바 단일 대회 후보와 겹치지 않게 월간 라벨 레이스 흐름으로 정리.
2026-05-09-07,2026-05-09,yes,korea,event,웰메이드런 6월 20일 남양주 개최…5월 31일까지 변경, 취소 가능,"2026 웰메이드런은 6월 20일 남양주한강공원 삼패지구에서 열립니다. 공식 홈페이지 기준 하프, 10km, 5km, 하프 단체전, 10km 커플런으로 운영되며 모든 종목에 기록칩을 사용합니다. 공지에는 5월 31일 자정까지 취소, 추가, 종목 변경이 가능하다고 안내돼 있습니다.",한강변 코스와 커플런, 단체전 구성이 있어 혼자 기록을 노리는 러너뿐 아니라 크루 참가에도 맞습니다. 5월 말까지 변경 가능 기간이 남아 있어 일정 조정 여지가 있는 대회입니다.,https://wellmaderun.com/,웰메이드런 공식,2026-05-05,"웰메이드런 6/20 남양주, 변경, 취소 5/31까지."
2026-05-09-07,2026-05-09,no,korea,event,김대중 평화 마라톤 6월 14일 상암 개최…접수 6월 7일까지,"제11회 김대중 평화 마라톤은 6월 14일 서울 상암월드컵공원 평화광장에서 열립니다. 공개 일정 기준 5km, 10km, 하프 세 종목으로 운영되고 접수는 5월 1일부터 6월 7일까지입니다. 참가비는 5km 4만5천원, 10km와 하프는 5만원으로 안내돼 있습니다.",6월 중순 서울권 하프 대회를 찾는 러너에게 추가 선택지가 됩니다. 접수 기간이 아직 한 달 가까이 남아 있어 크루 단체 일정으로 검토하기 좋습니다.,https://kimrunning.com/marathon/182,김러닝,2026-05-08,"김대중 평화 마라톤 6/14 상암, 접수 6/7까지.",reviewed,김러닝 일정 페이지와 공식 홈페이지 링크 확인. 공식 사이트는 수집 시 타임아웃이라 일정 페이지 기준으로 후보화.
2026-05-09-07,2026-05-09,yes,korea,event,일광문오성 바다 마라톤 6월 13일 부산 기장서 첫 개최,2026 제1회 일광문오성 바다 마라톤은 6월 13일 부산 기장 신평물양장에서 열립니다. 공개 일정 기준 5km와 10km 두 종목으로 운영되며 접수는 5월 20일까지입니다. 전 종목 참가비는 5만원입니다.,부산권 바다 코스의 첫 회 대회라 지역 러너에게 새 선택지가 됩니다. 5km와 10km만 운영돼 장거리 부담 없이 여름 초입 레이스를 잡기 좋습니다.,https://kimrunning.com/marathon/254,김러닝,2026-05-08,"부산 기장 바다 마라톤, 접수 5/20까지.",reviewed,김러닝 일정 페이지와 공식 홈페이지 링크 확인. 공식 사이트는 수집 시 502라 일정 페이지 기준으로 후보화.
2026-05-09-07,2026-05-09,no,korea,event,태종대 전국마라톤 7월 19일 부산 개최…7K, 14K, 21K 운영,"2026 제16회 태종대 전국마라톤대회는 7월 19일 부산 태종대공원에서 열립니다. 공개 일정에는 7km, 14km, 21km 세 종목과 오전 6시 출발, 접수 6월 14일 마감이 안내돼 있습니다. 참가비는 7km 4만원, 14km와 21km는 5만원입니다.",일반적인 5km, 10km 구성이 아니라 7km 단위로 난도를 고를 수 있는 부산권 여름 대회입니다. 이른 출발이지만 7월 기온과 업다운을 감안해 준비해야 합니다.,https://kimrunning.com/marathon/300,김러닝,2026-05-08
2026-05-09-07,2026-05-09,yes,korea,event,무등산권 지오마라톤 5월 18일 접수 시작…30K까지 운영,"2026 제5회 무등산권 지오마라톤은 10월 10일 금호화순스파리조트를 집결지로 열립니다. 공식 대회요강 기준 접수는 5월 18일부터 6월 18일까지이고, 30km, 하프, 10km, 5.18km, 2km 걷기 종목이 마련됩니다.","가을 목표 대회를 미리 정하려는 러너에게 30km와 하프 선택지가 있습니다. 산악 트레일은 아니지만 무등산권 코스라 이동, 고도, 제한시간을 함께 확인해야 합니다.",https://georun.kr/ko/2,무등산권 지오마라톤 공식,2026-05-08,"무등산권 지오마라톤, 5/18 접수 시작.",reviewed,공식 대회요강 확인. KorMarathon 일정과 접수기간
2026-05-09-07,2026-05-09,no,korea,event,달서하프마라톤 10월 4일 대구 개최…5월 20일 접수 오픈,"제20회 달서하프마라톤은 10월 4일 대구 달서구 호림강나루공원에서 열립니다. 마라톤GO 일정 기준 하프, 10km, 5km 종목으로 운영되며 접수 기간은 5월 20일부터 6월 30일까지입니다.",가을 하프 목표를 잡는 대구, 경북 러너에게 미리 캘린더에 넣을 만한 대회입니다. 접수가 아직 열리기 전이라 5월 20일 알림을 걸어두면 좋습니다.,https://marathongo.co.kr/raceDetail/domestic/20th-dalseo-half-marathon-2026,마라톤GO,2026-05-08,"달서하프 10/4 대구, 접수 5/20 오픈.",reviewed
2026-05-09-07,2026-05-09,no,global,event,"5월 10일 라벨 로드레이스, 코펜하겐, 제네바, 라바트 동시 개최","World Athletics Label Road Races 일정에는 5월 10일 Copenhagen Marathon, Generali Genève Marathon, HATYAi21, Marathon International de Rabat가 함께 올라와 있습니다. 이어 5월 16~17일에는 Karlovy Vary Half와 Riga Marathon 주간이 이어집니다.",해외 기록 결과를 볼 때 라벨 레이스 여부를 알면 코스와 경쟁 수준을 가늠하기 쉽습니다. 봄 메이저 이후 5월 로드레이스 흐름을 한 번에 보여주는 소식입니다.,https://worldathletics.org/competitions/world-athletics-label-road-races,World Athletics,2026-05-08,5/10 코펜하겐, 제네바, 라바트 라벨 레이스.
2026-05-09-07,2026-05-09,no,global,news,런던마라톤 2027 신청 133만 건…2일 개최안도 검토,"The Guardian 보도에 따르면 2027 런던마라톤 추첨 신청은 전 세계 133만8,544건으로 집계됐습니다. 영국 내 신청은 100만8,091건이고, 조직위는 참가 기회를 늘리기 위해 2027년 2일 개최 가능성도 검토하고 있습니다.",대형 마라톤 접수 경쟁이 계속 커지고 있다는 신호입니다. 해외 메이저를 노리는 러너라면 추첨만 기다리지 말고 대체 레이스와 여행 예산을 함께 잡아야 합니다.,https://www.theguardian.com/sport/2026/may/05/london-marathon-record-applications-2027-race,The Guardian,2026-05-05,"런던 2027 신청 133만, 2일 개최 검토.",reviewed,The Guardian 5/5 기사 확인. 기존 런던 기록 결과 발행과 달리 참가 신청
2026-05-09-07,2026-05-09,yes,global,event,"골드코스트마라톤 참가권 양도, 5월 24일 마감…솔드아웃 거리 주의","ASICS Gold Coast Marathon 공식 안내에 따르면 2026년 참가권 양도는 3월 24일부터 5월 24일까지 공식 절차로만 가능합니다. 공식 엔트리 페이지는 7월 4~5일 대회와 마라톤, 하프 솔드아웃 상태, 5km와 일부 거리 참가 가능 정보를 안내합니다.",해외 대회가 매진된 뒤 비공식 양도 사기가 늘 수 있어 공식 양도 절차 확인이 중요합니다. 원정 레이스를 준비하는 러너에게 실제로 바로 쓸모 있는 안전 정보입니다.,https://goldcoastmarathon.com.au/refund-and-transfer-information/,ASICS Gold Coast Marathon 공식,2026-05-08,"골드코스트 참가권 양도, 공식 절차 5/24까지.",reviewed,공식 환불
2026-05-09-07,2026-05-09,yes,global,training,러너 언더퓨얼링 연구 주목…마라톤 의료지원 위험 2배,"Runner's World는 5월 7일 Boston Marathon 참가자 1,000명 이상을 다룬 연구를 소개하며 저에너지 가용성, 즉 운동량에 비해 섭취 에너지가 부족한 상태의 위험을 짚었습니다. 기사에 따르면 언더퓨얼링 상태로 레이스한 참가자는 의료 지원을 받을 위험이 2배, 주요 의료 처치 위험이 2.8배 높았습니다.",체중 감량과 기록 향상을 동시에 노리는 러너가 놓치기 쉬운 안전 이슈입니다. 긴 훈련주와 대회 전에는 가벼움보다 충분한 탄수화물과 회복 식사가 기록과 안전에 더 중요합니다.,https://www.runnersworld.com/health-injuries/a71241794/how-to-spot-under-fueling-signs-on-runs/,Runner's World,2026-05-07,"언더퓨얼링, 마라톤 의료지원 위험 2배 신호.",reviewed,"Runner's World 5/7 기사 확인. Boston Marathon 참가자 연구, LEA 위험 수치 중심으로 정리."
2026-05-12-08,2026-05-12,no,korea,event,김대중 평화 마라톤 6월 14일 상암 개최…접수 6월 7일까지,"제11회 김대중 평화 마라톤은 6월 14일 서울 상암월드컵공원 평화광장에서 열립니다. 공개 일정 기준 5km, 10km, 하프 세 종목으로 운영되고 접수는 6월 7일까지입니다. 참가비는 5km 4만5천원, 10km와 하프는 5만원으로 안내돼 있습니다.",6월 중순 서울권 하프 대회를 찾는 러너에게 추가 선택지가 됩니다. 접수 기간이 아직 남아 있어 크루 단체 일정으로 검토하기 좋습니다.,https://kimrunning.com/marathon/182,김러닝,2026-05-12,"김대중 평화 마라톤 6/14 상암, 접수 6/7까지.",reviewed,김러닝 일정 페이지와 공식 홈페이지 링크 확인. 공식 사이트는 수집 시 타임아웃이라 일정 페이지 기준으로 후보화.
2026-05-12-08,2026-05-12,no,korea,event,태종대 전국마라톤 7월 19일 부산 개최…7K, 14K, 21K 운영,"2026 제16회 태종대 전국마라톤대회는 7월 19일 부산 태종대공원에서 열립니다. 공개 일정에는 7km, 14km, 21km 세 종목과 오전 6시 출발, 접수 6월 14일 마감이 안내돼 있습니다. 참가비는 7km 4만원, 14km와 21km는 5만원입니다.",일반적인 5km, 10km 구성이 아니라 7km 단위로 난도를 고를 수 있는 부산권 여름 대회입니다. 이른 출발이지만 7월 기온과 업다운을 감안해 준비해야 합니다.,https://kimrunning.com/marathon/300,김러닝,2026-05-12
2026-05-12-08,2026-05-12,yes,korea,event,다이나핏 태백 트레일 본접수 시작…50K부터 15K까지 운영,"2026 다이나핏 태백 트레일은 9월 5일 강원 태백 소원지 오토캠핑장을 베이스로 열립니다. 일정 페이지 기준 본접수는 5월 11일이며 50K, 32K-T, 32K-U, 24K, 15K 다섯 코스로 운영됩니다. 24K 이상 코스는 UTMB와 ITRA 포인트 대상입니다.",가을 트레일 목표를 잡는 러너에게 코스 선택지가 넓습니다. 특히 32K가 태백산 코스와 운탄고도 코스로 나뉘어 난도와 성격을 비교해야 합니다.,http://taebaektrail.com/,다이나핏 태백 트레일 공식,2026-05-12,"다이나핏 태백 트레일, 5개 코스 본접수 체크.",reviewed,공식 사이트 링크와 EnduroHub
2026-05-12-08,2026-05-12,yes,korea,event,경포마라톤 5월 18일 접수 오픈…가을 강릉 해안 코스,"2026 경포마라톤대회는 10월 10일 강릉 경포해변 중앙광장에서 열립니다. 공식 참가신청 페이지 기준 접수는 5월 18일 10시부터 6월 23일 15시까지이며 4.7km, 10km, 하프 종목으로 운영됩니다.",가을 하프 목표를 미리 정하려는 강원, 수도권 러너에게 좋은 캘린더 후보입니다. 선착순 마감과 입금 기준이 안내돼 있어 접수 시작일을 놓치지 않는 게 중요합니다.,https://www.xn--289av7rnxbd06bmrc.com/page/online.php,경포마라톤대회 공식,2026-05-12,"경포마라톤, 5/18 오전 10시 접수 시작.",reviewed
2026-05-12-08,2026-05-12,yes,korea,event,광주대학교 수직마라톤 5월 20일까지 접수…2.1km와 21층 계단,제1회 광주대학교 수직마라톤은 5월 30일 광주대학교 운동장에서 열립니다. 공개 일정 기준 2.1km 캠퍼스 러닝과 21층 계단 오르기를 결합한 이벤트이며 접수는 5월 20일까지입니다. 주최는 광주대학교와 RISE사업단으로 안내돼 있습니다.,짧은 거리지만 계단 오르기가 포함돼 일반 로드레이스와 전혀 다른 강도의 이벤트입니다. 기록보다 이색 챌린지를 찾는 러너에게 맞습니다.,https://www.endurohub.kr/races/%EC%A0%9C1%ED%9A%8C-%EA%B4%91%EC%A3%BC%EB%8C%80%ED%95%99%EA%B5%90-%EC%88%98%EC%A7%81%EB%A7%88%EB%9D%BC%ED%86%A4,엔듀로허브,2026-05-12,"광주대 수직마라톤, 2.1km+21층 계단.",reviewed,EnduroHub와 마라톤모아
2026-05-12-08,2026-05-12,no,korea,event,분노의 질주런 5월 23일 용인 스피드웨이 개최,"2026 분노의 질주런은 5월 23일 용인 스피드웨이에서 열립니다. 공식 홈페이지 기준 러닝은 3 Laps 10km 기록측정 코스와 1 Lap 기록 미측정 코스로 나뉘며 차량 전시, 서킷 택시, 공연 프로그램이 함께 운영됩니다. 3 Laps 참가권은 8만5천원으로 안내돼 있습니다.",기록 대회라기보다 서킷을 달리는 테마형 러닝 페스티벌입니다. 참가비와 러닝 외 프로그램 비중이 커서 취향이 맞는지 먼저 확인해야 합니다.,https://thefast.co.kr/thefast/thefast2.html,The Fast 공식,2026-05-12,"용인 서킷 달리는 분노의 질주런, 5/23 개최.",reviewed,공식 홈페이지와 런조아 일정 교차 확인. 영화 IP 기반 테마 이벤트라 홍보성 표현을 줄이고 비용
2026-05-12-08,2026-05-12,no,korea,event,달서하프마라톤 10월 4일 대구 개최…5월 20일 접수 오픈,"제20회 달서하프마라톤은 10월 4일 대구 달서구 호림강나루공원에서 열립니다. 마라톤GO 일정 기준 하프, 10km, 5km 종목으로 운영되며 접수 기간은 5월 20일부터 6월 30일까지입니다.",가을 하프 목표를 잡는 대구, 경북 러너에게 미리 캘린더에 넣을 만한 대회입니다. 접수가 아직 열리기 전이라 5월 20일 알림을 걸어두면 좋습니다.,https://marathongo.co.kr/raceDetail/domestic/20th-dalseo-half-marathon-2026,마라톤GO,2026-05-12,"달서하프 10/4 대구, 접수 5/20 오픈.",reviewed
2026-05-12-08,2026-05-12,no,global,event,리가마라톤 5월 16~17일 개최…4인 릴레이 신설,"Rimi Riga Marathon은 5월 16~17일 라트비아 리가에서 열립니다. 라트비아 공식 관광 페이지는 4만 명 이상 참가 규모와 함께 올해 Signet Bank Relay가 새로 추가돼 4명이 마라톤, 2명이 하프를 나눠 달릴 수 있다고 안내합니다. World Athletics 라벨 로드레이스 일정에도 5월 17일 마라톤, 하프, 10km가 올라와 있습니다.",해외 원정 대회 트렌드가 개인 기록뿐 아니라 팀 릴레이와 도시 축제형 구성으로 넓어지는 흐름입니다. 한국 러너가 유럽 원정 대회를 고를 때 참고할 만합니다.,https://www.latvia.travel/en/event/rimi-riga-marathon-2026,Latvia Travel,2026-05-12,"리가마라톤 5/16~17, 팀 릴레이 신설.",reviewed,Latvia Travel 공식 관광 정보와 World Athletics Label Road Races 일정 교차 확인.
2026-05-12-08,2026-05-12,yes,global,training,마라톤 후반 버티는 힘 ‘durability’ 훈련법 주목,"Runner's World는 5월 10일 마라톤 후반 페이스 저하를 줄이는 핵심 요소로 생리적 내구성, 즉 durability를 다뤘습니다. 기사에서는 주간 거리의 점진적 증가, 90분 이상 장거리주, 마라톤 페이스 구간, 근력, 플라이오메트릭, 시간당 탄수화물 약 60g 섭취를 주요 전략으로 정리했습니다.",풀코스 후반에 무너지는 경험이 있는 러너에게 바로 적용할 수 있는 훈련 관점입니다. 단순히 더 빨리 달리는 훈련보다 피로한 상태에서 효율을 유지하는 준비가 중요합니다.,https://www.runnersworld.com/training/a71242724/training-tips-to-improve-marathon-durability/,Runner's World,2026-05-10,"마라톤 후반 페이스, durability 훈련으로 대비.",reviewed,Runner's World 5/10 기사 확인. 같은 주제의 연구
2026-05-12-08,2026-05-12,yes,global,training,초보 러너 부상은 무릎 통증과 뼈 스트레스부터 경계,"Runner's World는 5월 8일 초보 러너에게 흔한 부상으로 뼈 스트레스 손상과 슬개대퇴통증, 즉 러너스 니를 짚었습니다. 기사에 따르면 갑작스러운 훈련량 증가, 회복 부족, 부적절한 연료 섭취, 약한 엉덩이, 둔근이 주요 위험 요인으로 언급됩니다.","봄부터 러닝을 시작한 독자가 5월에 훈련량을 늘리며 가장 흔히 만날 수 있는 문제입니다. 통증이 생긴 뒤 버티기보다 거리 증가와 근력운동, 휴식을 함께 설계해야 합니다.",https://www.runnersworld.com/beginner/a71220616/two-most-common-beginner-runner-injuries/,Runner's World,2026-05-08,"초보 러너, 무릎 통증과 뼈 스트레스 신호 먼저 체크.",reviewed,Runner's World 5/8 기사 확인. 05/09 언더퓨얼링 후보와 달리 초보자 부상 예방 관점으로 분리.
2026-05-14-09,2026-05-14,no,korea,event,마인드마라톤 6월 7일 서울광장 개최…1만 명 기부런,"2026 마인드마라톤은 6월 7일 서울광장에서 열립니다. 공식 홈페이지 기준 하프, 10K, 5K로 운영되며 총 모집인원은 1만 명입니다. 참가비는 하프 7만원, 10K 6만원, 5K 5만원이고 참가비 전액은 아동, 청소년 마음건강 지원 NGO에 기부된다고 안내돼 있습니다.",서울 도심에서 열리는 대형 기부런이라 기록보다 참여 의미를 중시하는 러너에게 맞습니다. 6월 첫째 주 서울권 대회 선택지를 비교할 때 확인할 만합니다.,https://mindmarathon.kr/,마인드마라톤 공식,2026-05-13,"마인드마라톤 6/7 서울광장, 참가비 전액 기부.",reviewed,공식 홈페이지 확인. 접수 상태는 별도 확인 필요하지만 대회 규모
2026-05-14-09,2026-05-14,no,korea,event,식품안전 마라톤 5월 17일 대전엑스포시민광장 개최,"2026 식품안전 마라톤 대회는 5월 17일 대전엑스포시민광장에서 열립니다. KorMarathon 공개 정보 기준 하프, 10km, 4km 이벤트 코스로 운영되며 참가비는 하프와 10km 4만5천원, 4km 2만5천원입니다. 주최사는 전국마라톤협회로 안내돼 있습니다.","이번 주말 대전권 레이스를 앞둔 참가자는 집결지와 코스, 기온을 다시 확인해야 합니다. 짧은 4km 코스가 있어 가족, 입문 러너도 접근 가능한 편입니다.",https://www.kormarathon.com/ko/races/2026-food-safety-marathon,KorMarathon,2026-05-13,"식품안전 마라톤 5/17 대전, 하프, 10K, 4K 운영.",reviewed,KorMarathon과 공식 안내 링크 확인. 공식 mara1080 상세 URL은 직접 fetch 제한이 있어 KorMarathon 공개 정보 기준으로 정리.
2026-05-14-09,2026-05-14,yes,korea,event,강남 하프레이스 5월 17일까지 접수…양재천 10K, 하프,"강남 하프레이스는 5월 30일 서울 강남 대치유수지 체육공원에서 열립니다. KorMarathon 공개 정보 기준 접수는 3월 30일부터 5월 17일까지이며 10km 5만5천원, 하프 6만5천원으로 안내돼 있습니다.","강남, 서초권 러너가 접근하기 쉬운 도심 레이스입니다. 접수 마감이 5월 17일이라 주말 전에 참가 여부를 결정해야 합니다.",https://www.kormarathon.com/ko/races/gangnam-half-race,KorMarathon,2026-05-13,"강남 하프레이스, 5/17 접수 마감 체크.",reviewed
2026-05-14-09,2026-05-14,yes,korea,event,여의도 밤섬 마라톤 5월 20일까지 접수…5K, 10K, 하프,"제4회 여의도 밤섬 마라톤은 5월 31일 여의도공원 문화의마당에서 오전 8시에 출발합니다. 공개 모집 정보 기준 5km, 10km, 하프 종목으로 운영되며 접수 마감일은 5월 20일입니다.",한강권 5월 말 레이스를 찾는 러너에게 가까운 선택지입니다. 접수 마감이 1주일 남짓이라 거리와 동선을 빠르게 결정해야 합니다.,https://linkareer.com/activity/308274,링커리어,2026-05-13,"여의도 밤섬 마라톤, 5/20 접수 마감."
2026-05-14-09,2026-05-14,yes,korea,event,아시아 오픈 마라톤 추가신청 5월 18일 예고…광화문 10K, 하프,"제2회 아시아 오픈 마라톤은 10월 18일 광화문광장에서 열립니다. 공식 홈페이지는 하프와 10km 2종목, 선착순 1만5천 명 규모를 안내하며 4월 28일 공지에서 참가신청 조기 마감과 5월 18일 10시 추가신청을 예고했습니다. KorMarathon에는 10km 7만원, 하프 8만원으로 표시돼 있습니다.",가을 서울 도심 대회는 빠르게 마감될 가능성이 큽니다. 이미 한 차례 조기 마감된 만큼 관심 러너는 추가신청 시간을 캘린더에 넣어야 합니다.,https://asiarun.kr/,아시아 오픈 마라톤 공식,2026-05-13,"아시아 오픈 마라톤, 5/18 10시 추가신청 예고.",reviewed
2026-05-14-09,2026-05-14,no,korea,event,지리산 화대종주 5월 24일 새벽 3시 출발…40K, 48K 트레일,제37회 지리산 화대종주UTMB는 5월 24일 전남 구례 화엄사주차장에서 새벽 3시에 출발합니다. EnduroHub와 마라톤GO 공개 정보 기준 40km와 48km 코스로 운영되며 주최는 한국산악마라톤연맹입니다. 접수는 4월 30일 마감으로 표시돼 있습니다.,"일반 로드레이스와 달리 야간 이동, 산악 장비, 보급 계획이 핵심입니다. 참가자와 동행자는 대회 전 주에 출발 시간과 교통, 필수 장비를 다시 확인해야 합니다.",https://www.endurohub.kr/races/%EC%A0%9C37%ED%9A%8C-%EC%A7%80%EB%A6%AC%EC%82%B0-%ED%99%94%EB%8C%80%EC%A2%85%EC%A3%BC,EnduroHub,2026-05-13,"지리산 화대종주, 5/24 새벽 3시 출발 준비.",reviewed
2026-05-14-09,2026-05-14,yes,global,gear,가민 Forerunner 70, 170 공개…입문 러너용 AMOLED GPS 워치,"Garmin은 5월 12일 Forerunner 70과 Forerunner 170을 발표했습니다. 공식 보도자료 기준 두 모델은 1.2인치 AMOLED 디스플레이, 터치스크린과 5버튼 조작, GPS와 손목 심박, Garmin Coach와 데일리 추천 운동을 제공합니다. 미국 기준 가격은 Forerunner 70 249.99달러, 170 299.99달러, 170 Music 349.99달러이며 5월 15일부터 판매됩니다.","입문용 러닝 워치도 훈련 준비도, HRV, 러닝 파워 같은 기능을 품기 시작했습니다. 첫 GPS 워치를 사려는 러너라면 가격 상승과 실제 필요한 기능을 함께 따져봐야 합니다.",https://www.garmin.com/en-US/newsroom/press-release/sports-fitness/run-further-with-forerunner-70-and-forerunner-170-from-garmin/,Garmin 공식,2026-05-12,"가민 입문 Forerunner, AMOLED와 훈련 기능이 기본값으로.",reviewed
2026-05-14-09,2026-05-14,yes,global,training,10K 훈련이 하프, 마라톤 기록 향상에 도움 된다는 코치 조언,"Runner's World는 5월 13일 10K 훈련이 하프와 마라톤 준비에 주는 효과를 다뤘습니다. 기사에서는 10K 페이스 훈련이 유산소 체력, 속도 지구력, 젖산 처리, 페이스 감각과 정신적 버티기를 함께 키운다고 설명합니다. 코치들은 마라톤 훈련 초반에 10K 페이스 인터벌과 템포런을 넣는 방식을 제안했습니다.","풀코스만 바라보면 긴 거리만 늘리기 쉽습니다. 6월 이후 하프, 풀코스를 준비하는 러너라면 짧고 빠른 10K 블록을 초반에 배치할 만합니다.",https://www.runnersworld.com/training/a71293142/benefits-of-10k-training/,Runner's World,2026-05-13,"하프, 풀 준비 전, 10K 훈련으로 속도 지구력 쌓기.",reviewed
2026-05-14-09,2026-05-14,no,global,training,부상 복귀 러너를 위한 9단계 러닝 재개법,"Runner's World는 5월 12일 부상 후 러닝 재개를 위한 9단계 계획을 소개했습니다. 기사에 따르면 초반에는 2분 달리기와 1분 걷기를 반복하는 방식으로 시작해 점진적으로 달리는 시간을 늘리고, 마지막에는 30분 연속주까지 회복하는 구조입니다. 물리치료사는 부상 부위만이 아니라 전체 체력을 다시 쌓아야 한다고 조언했습니다.",통증이 사라졌다고 바로 예전 페이스로 돌아가면 재부상 위험이 커집니다. 봄 대회 뒤 쉬었다가 복귀하는 러너에게 보수적인 런워크 계획이 필요합니다.,https://www.runnersworld.com/training/a71284965/return-to-running-after-injury/,Runner's World,2026-05-12,"부상 복귀 첫 달, 런워크로 30분 연속주까지.",reviewed,Runner's World 5/12 기사 확인. 초보자 부상 예방이 아니라 복귀 프로토콜 관점으로 후보화.
2026-05-14-09,2026-05-14,no,global,safety,네덜란드 하프마라톤서 15세 참가자 사망…나이 제한 논란,"Runner's World는 5월 12일 네덜란드 Leiden Marathon 주말 하프마라톤에서 15세 참가자가 의료 응급상황 뒤 사망했다고 보도했습니다. 기사에 따르면 일요일 뒤이어 예정됐던 10K와 Kidsrun은 취소됐고, 하프마라톤의 공식 최소 연령은 16세였습니다. 네덜란드 육상연맹은 15세에게 10km 초과 레이스를 권하지 않는다고 현지 보도와 러닝 매체가 전했습니다.","국내 러닝 이벤트도 가족런과 청소년 참가가 늘고 있습니다. 보호자와 주최자는 거리별 최소 연령, 건강 상태, 응급 대응 기준을 가볍게 넘기지 않아야 합니다.",https://www.runnersworld.com/news/a71282483/leiden-half-marathon-runner-dies/,Runner's World,2026-05-12,"청소년 장거리 참가, 거리별 나이 제한을 꼭 확인해야 합니다.",reviewed,Runner's World 보도와 기사 내 현지 매체 인용 확인. 사망 원인은 공개되지 않아 단정하지 않음.
2026-05-16-10,2026-05-16,yes,korea,event,춘천봄내마라톤 5월 22일 접수 마감…춘천시청 호반광장 출발,"2026 춘천봄내마라톤대회는 6월 6일 춘천시청 호반광장에서 오전 8시 30분 출발합니다. 공식 홈페이지 기준 대면 레이스는 선착순 5,000명이고 개인, 단체 접수는 5월 22일 18시에 마감됩니다. 참가비는 4만원이며 비대면 자유코스도 6월 5일부터 7일까지 운영됩니다.",강원권 현충일 레이스를 찾는 러너에게 바로 결정해야 하는 선택지입니다. 접수 마감 뒤 환불이 불가하므로 일정과 이동 동선을 먼저 확인해야 합니다.,https://ccpmarathon.kr/,춘천봄내마라톤 공식,2026-05-16,"춘천봄내마라톤, 5/22 18시 접수 마감.",reviewed,"공식 홈페이지에서 대회일시, 장소, 선착순 5000명, 접수 마감, 참가비, 비대면 운영 확인."
2026-05-16-10,2026-05-16,no,korea,event,백산수 심심런 6월 6일 여의도 개최…참가비 전액 치료비 기부,"한국백혈병소아암협회와 농심은 6월 6일 서울 여의도 한강공원 물빛무대 일대에서 2026 백산수 심심런을 엽니다. 보도자료 기준 3km, 5km, 10km 코스로 운영되며 참가비 전액은 소아암 환아 치료비로 지원됩니다. 소아암 환아 가족은 별도 무료 참여도 안내돼 있습니다.","기록보다 참여 의미가 큰 기부런입니다. 가족, 입문 러너가 접근하기 쉬운 짧은 거리까지 있어 현충일 서울권 러닝 일정으로 검토할 만합니다.",https://press.mtime.co.kr/newsRead.php?no=1033339,한국백혈병소아암협회/뉴스와이어,2026-04-28,"백산수 심심런, 참가비 전액 소아암 치료비 기부.",reviewed,한국백혈병소아암협회 뉴스와이어 배포 자료 확인. 공식 신청 사이트 simsimrun.com 연결 확인.
2026-05-16-10,2026-05-16,no,korea,event,TNF100 코리아 5월 16~17일 강릉 개최…100K는 새벽 5시 30분 출발,"2026 THE NORTH FACE 100 KOREA with VECTIV가 5월 16일부터 17일까지 강릉 경포호수광장에서 열립니다. 공식 페이지 기준 10K, 22K, 50K, 100K 네 종목이며 100K는 05시 30분, 50K는 08시 30분, 22K는 10시, 10K는 11시에 출발합니다. 모든 종목은 신청 마감으로 표시돼 있습니다.",참가자는 종목별 출발 시간과 제한 시간을 다시 확인해야 합니다. 비참가 러너에게도 국내 대형 트레일 이벤트가 거리별로 어떻게 운영되는지 보여주는 사례입니다.,https://image.thenorthfacekorea.co.kr/tnf100,TNF100 KOREA 공식,2026-05-16,"TNF100 강릉, 종목별 출발 시간과 제한시간 확인.",reviewed,"노스페이스 공식 페이지에서 일정, 장소, 종목, 출발시간, 제한시간, 신청마감 상태 확인."
2026-05-16-10,2026-05-16,yes,korea,event,"KOREA 50K 춘천 6월 7일 개최…장비검사, 체크인 시간 공개","KOREA 50K는 6월 7일 춘천 김유정 구역사를 거점으로 열리는 춘천(CC) 대회 안내를 공지했습니다. 공식 공지 기준 6월 6일 16시부터 21시까지 전 종목 장비검사와 선수 체크인이 있고, 대회 당일에는 CC50 03시 30분~05시 30분, CC20 Skyrace 06시 30분~08시 30분, CC15 08시 30분~09시 30분 체크인이 진행됩니다.","트레일 대회는 출발선보다 전날 장비검사와 체크인이 중요합니다. 참가자는 숙박, 이동, 필수 장비 준비를 레이스 전날 기준으로 맞춰야 합니다.",https://korea50k.com/?bmode=view&idx=171194421&q=YToxOntzOjEyOiJrZXl3b3JkX3R5cGUiO3M6MzoiYWxsIjt9&t=board,KOREA50K 공식,2026-05-16,"KOREA 50K 춘천, 전날 장비검사와 체크인 필수.",reviewed,"KOREA50K 공식 공지에서 대회일, 장소, 체크인 시간, 추가 접수 안내 확인."
2026-05-16-10,2026-05-16,yes,korea,event,THE PACER SERIES 6월 21일 대전 대청호 개최…접수 6월 7일까지,"2026 THE PACER SERIES는 6월 21일 대전 대청댐과 대청호반 일원에서 열립니다. 공개 일정 기준 런코드코리아가 주최하며 10K와 5K 두 종목으로 운영되고, 접수 기간은 5월 4일부터 6월 7일까지입니다. 참가비는 10K 6만5천원, 5K 6만원으로 안내돼 있습니다.","대전권 러너가 6월 하순 목표로 잡을 수 있는 10K, 5K 이벤트입니다. 접수 기간이 아직 남아 있어 크루 단위 참가 여부를 검토하기 좋습니다.",https://www.endurohub.kr/races/2026-%EB%8C%80%EC%A0%84-%EB%A7%88%EB%9D%BC%ED%86%A4-%EB%8C%80%EC%B6%95%EC%A0%9C-the-pacer,EnduroHub,2026-05-16,"THE PACER SERIES, 대전 대청호 10K, 5K 접수 중.",reviewed,EnduroHub와 김러닝 일정 정보 교차 확인. 공식 사이트는 thepacerseries.com으로 연결.
2026-05-16-10,2026-05-16,no,korea,event,소백산 죽령트레일런 6월 21일 개최…28K 접수 6월 10일까지,"2026 소백산 죽령트레일런은 6월 21일 경북 죽령휴게소를 거점으로 열립니다. 마라톤GO 공개 일정 기준 28km 종목이며 집결 시간은 오전 10시, 접수 기간은 2025년 12월 1일부터 2026년 6월 10일까지입니다. 문의처는 한국산악마라톤연맹 계열 연락처로 안내돼 있습니다.","로드 10K를 넘어 산악 트레일에 도전하려는 러너에게 중거리 목표가 됩니다. 6월 산행성 코스라 장비, 보급, 기온 변화를 먼저 확인해야 합니다.",https://marathongo.co.kr/raceDetail/domestic/2026-sobaeksan-jukryeong-trailrun,마라톤GO,2026-05-16,"소백산 죽령트레일런, 28K 접수 6/10까지.",reviewed,"마라톤GO 일정 페이지와 Ahotu, 러닝위키 일정 교차 확인. 공식 신청은 koreatrail.net으로 연결."
2026-05-16-10,2026-05-16,yes,global,gear,러너스월드 2026 러닝화 추천 업데이트…Ghost 18 데일리 트레이너 추가,"Runner's World는 5월 13일 2026년 베스트 러닝화 가이드를 업데이트했습니다. 업데이트 노트에는 Brooks Ghost 18이 데일리 트레이너 추천에 추가됐고, Hoka Clifton 10과 Asics Novablast 5 할인 정보도 반영됐습니다. 목록은 훈련화, 레이스화, 트레일화로 나눠 테스트 기반으로 정리돼 있습니다.","새 신발을 고를 때 브랜드 광고보다 테스트 기준과 용도 구분이 중요합니다. 초보 러너는 데일리 트레이너부터, 대회 준비자는 레이스화와 내구성의 균형을 따져볼 수 있습니다.",https://www.runnersworld.com/gear/a19663621/best-running-shoes/,Runner's World,2026-05-13,"러닝화 구매 전, 용도별 테스트 추천을 먼저 확인.",reviewed,"Runner's World 5/13 업데이트 확인. Ghost 18 추가와 카테고리별 추천, 선정 기준 중심으로 정리."
2026-05-16-10,2026-05-16,yes,global,training,가을 마라톤 준비는 지금부터…9월 초 대회는 5월 18일 훈련 시작,"Runner's World는 5월 14일 가을 마라톤 준비 시점을 다뤘습니다. 기사에서는 대부분의 마라톤 훈련 계획을 16주로 보고, 9월 5~6일 대회는 5월 18일, 9월 12~13일 대회는 5월 25일, 10월 첫 주말 대회는 6월 15일 훈련 시작을 제안했습니다. 초보자는 본격 계획 전 기본 체력과 보강을 먼저 쌓아야 한다고 설명합니다.","JTBC 서울마라톤처럼 가을 대회를 노리는 국내 러너에게 시점이 딱 맞는 정보입니다. 대회 신청보다 늦지 않게 주간 거리, 근력, 영양 루틴을 준비해야 합니다.",https://www.runnersworld.com/training/a71306616/when-to-start-marathon-training/,Runner's World,2026-05-14,"가을 마라톤, 16주 전부터 훈련 달력 잡기.",reviewed,Runner's World 5/14 기사 확인. 날짜별 16주 시작표와 초보자 준비 기간 중심으로 정리.
2026-05-16-10,2026-05-16,no,global,training,주 3회 마라톤 훈련법 주목…회복 부족 줄이는 대안,"Runner's World는 5월 11일 스포츠 물리치료사의 주 3회 마라톤 훈련 접근을 소개했습니다. 기사에서는 주 5~6회 달리기 계획이 회복 부족과 과사용 부상으로 이어질 수 있고, 세 번의 핵심 러닝과 보강, 회복을 조합하면 초보자부터 기록 목표 러너까지 적용할 수 있다고 설명합니다.",일과 생활이 바쁜 러너에게 현실적인 훈련 선택지입니다. 더 많이 달리는 것보다 회복 가능한 구조를 만드는 편이 장기적으로 기록과 부상 예방에 도움이 됩니다.,https://www.runnersworld.com/training/a71252127/3-day-a-week-marathon-training-sports-pt/,Runner's World,2026-05-11,주 3회 핵심 러닝으로 마라톤 준비를 단순화하기.,reviewed,"Runner's World 5/11 기사 확인. 과사용 부상, 회복 부족, 주 3회 핵심 훈련 논지 중심으로 정리."
2026-05-16-10,2026-05-16,no,global,elite,사웨 9월 베를린마라톤 출전 확정…세계기록 이후 첫 메이저 방어전,"World Athletics는 5월 13일 사베스티안 사웨가 9월 27일 BMW 베를린마라톤에 돌아와 타이틀 방어에 나선다고 전했습니다. 기사 기준 사웨는 런던에서 1시간 59분 30초 세계기록을 세운 뒤 베를린 복귀를 확정했고, 지난해 베를린에서는 2시간 2분 16초로 우승했습니다.","베를린은 빠른 코스와 기록 도전의 상징입니다. 런던 세계기록 이후 첫 메이저 방어전이라 슈퍼슈즈, 페이스메이킹, 코스 조건을 함께 볼 관전 포인트가 생겼습니다.",https://worldathletics.org/news/news/sabastian-sawe-berlin-marathon-2026,World Athletics,2026-05-13,"사웨, 9/27 베를린에서 세계기록 이후 흐름 확인.",reviewed,World Athletics 5/13 보도 확인. 런던 기록과 베를린 방어전 일정 중심으로 정리.
2026-05-19-11,2026-05-19,yes,korea,event,공주백제마라톤 일반접수 5월 21일 19시 오픈…풀코스부터 32K까지 운영,"2026 공주백제마라톤은 9월 20일 공주시민운동장에서 오전 8시에 출발합니다. 마라톤GO와 동마클럽 안내를 종합하면 풀코스, 32K, 하프, 10K 네 종목으로 운영되고 일반접수는 5월 21일 19시부터 선착순으로 진행됩니다. 참가비는 풀과 32K 7만원, 하프 6만원, 10K 5만원으로 안내돼 있습니다.","가을 마라톤 시즌을 여는 동아마라톤 시리즈 대회라 접수 경쟁이 예상됩니다. 참가 의사가 있다면 5월 21일 저녁 접속, 결제수단, 이동 계획을 미리 준비해야 합니다.",https://marathongo.co.kr/raceDetail/domestic/2026-gongju-marathon,마라톤GO,2026-05-18,"공주백제마라톤, 5/21 19시 일반접수 알림 설정.",reviewed,"마라톤GO, Runningwiki, 동마클럽 일정 정리 글 교차 확인. 기존 후보의 접수기간 표현을 일반접수 시간 중심으로 수정."
2026-05-19-11,2026-05-19,yes,korea,event,"울산 남구청장배 육상대회 5월 20일 접수 마감…6월 28일 태화강 10K, 5K",2026 울산남구청장배 육상대회는 6월 28일 울산 태화강둔치 태화다리 밑에서 오전 8시 30분 출발합니다. EnduroHub 기준 10km와 5km 두 종목이며 접수 기간은 5월 11일부터 5월 20일까지입니다. 주최는 울산광역시 남구체육회로 안내돼 있습니다.,영남권 러너가 여름 초입에 잡을 수 있는 생활체육 10K 대회입니다. 접수 마감이 발행 다음 날이라 지역 러너에게는 가장 긴급한 후보입니다.,https://www.endurohub.kr/races/2026-%EC%9A%B8%EC%82%B0%EB%82%A8%EA%B5%AC%EC%B2%AD%EC%9E%A5%EB%B0%B0-%EC%9C%A1%EC%83%81%EB%8C%80%ED%9A%8C,EnduroHub,2026-05-18,"울산 태화강 10K, 5/20 접수 마감.",reviewed,EnduroHub와 김러닝 메인 접수예정 목록 확인. 공식 접수는 Notion 페이지로 연결.
2026-05-19-11,2026-05-19,yes,korea,event,"2026 서울레이스 5월 27일 본접수…하프 19시, 10K 21시 분리 오픈","2026 서울레이스는 10월 11일 서울 도심에서 열리는 하프와 10K 대회입니다. KorMarathon과 고러닝 공개 정보 기준 접수는 5월 27일 시작되며 하프는 19시, 10K는 21시에 오픈되는 것으로 안내돼 있습니다. 공식 홈페이지는 seoul-race.co.kr로 연결됩니다.","서울 도심 가을 대회는 조기 마감 가능성이 높습니다. 공주, 경주와 같은 주간에 접수가 몰려 있어 원하는 종목별 시간을 따로 캘린더에 넣어야 합니다.",https://www.kormarathon.com/ko/races/2026-seoul-race,KorMarathon,2026-05-18,"서울레이스 본접수, 하프 19시와 10K 21시를 따로 체크.",reviewed,"KorMarathon, 고러닝, 동마클럽 일정 정리 글 교차 확인. 공식 홈페이지 텍스트 접근 제한으로 공개 일정 기준 후보화."
2026-05-19-11,2026-05-19,yes,korea,event,경주마라톤 5월 26일 19시 접수 시작…10월 17일 경주시민운동장 개최,"2026 경주마라톤은 10월 17일 경주시민운동장에서 열립니다. KorMarathon 기준 접수 기간은 5월 26일부터 6월 4일까지이며, 5월 26일 19시 선착순 접수 시작으로 안내돼 있습니다. 종목은 풀코스, 하프, 10K이며 참가비는 6만원, 5만원, 4만원으로 표시돼 있습니다.","가을 장거리 목표를 세우는 러너에게 경주는 대표 선택지입니다. 공주 접수 뒤 닷새 만에 열리는 접수라 놓치기 쉽고, 숙박과 교통도 함께 움직입니다.",https://www.kormarathon.com/ko/races/gyeongju-marathon,KorMarathon,2026-05-18,"경주마라톤, 5/26 19시 접수 시작.",reviewed,KorMarathon과 동마클럽 일정 정리 글 교차 확인. 기존 후보의 접수 마감일 및 참가비 수치를 KorMarathon 기준으로 바로잡음.
2026-05-19-11,2026-05-19,no,korea,event,제1회 모두런 6월 13일 세종 개최…비장애인 5K와 휠체어 3K 통합 운영,"제1회 모두런은 6월 13일 세종중앙공원과 국립세종수목원 일대에서 열립니다. Runningwiki 공개 정리 기준 비장애인 5km는 8시 출발, 장애인 휠체어마라톤 3km는 9시 출발이며 5km 참가비는 1만5천원입니다. 5km는 1,000명 선착순, 휠체어 부문은 100명 이내로 안내돼 있습니다.",기록형 대회보다 접근성과 사회적 의미가 큰 통합 러닝 이벤트입니다. 입문 러너와 세종권 크루가 부담 없이 검토할 수 있는 5K 후보입니다.,https://runningwikii.com/entry/sejong-modu-run/,Runningwiki,2026-05-14,"세종 모두런, 5K와 휠체어 3K가 함께 열리는 통합 러닝.",reviewed,Runningwiki와 고러닝 일정 검색 결과 교차 확인. 공식 접수 세부 링크는 별도 최종 확인 필요.
2026-05-19-11,2026-05-19,no,korea,event,"제1회 리프레시런 6월 28일 하남 미사 개최…5K 5만원, 10K 6만원","제1회 리프레시런은 6월 28일 경기 하남 미사경정공원에서 오전 8시에 출발합니다. 마라톤GO 기준 5km와 10km 두 종목이고 접수 기간은 4월 29일부터 6월 5일까지입니다. 콘테스트코리아에는 10km 남녀 1위 100만원 등 시상 정보와 기념품, 기록칩 제공이 함께 안내돼 있습니다.","수도권 6월 말 5K, 10K 선택지로 접근성이 좋습니다. 첫 회 대회라 참가자는 코스, 물품보관, 기록 측정 등 운영 공지를 끝까지 확인하는 편이 안전합니다.",https://marathongo.co.kr/raceDetail/domestic/1st-refresh-run-2026,마라톤GO,2026-05-18,"리프레시런, 하남 미사 5K, 10K 접수 6/5까지.",reviewed,"마라톤GO, EnduroHub, 콘테스트코리아 교차 확인. 접수 마감일은 마라톤GO/콘테스트코리아 기준 6/5로 정리."
2026-05-19-11,2026-05-19,no,korea,event,"전마협 하계 무료 훈련 마라톤 7월 4일 금산 개최…5K, 10K 참가비 무료",2026 전마협 하계 무료 훈련 마라톤은 7월 4일 충남 금산인삼엑스포주차장에서 오전 7시 30분 출발합니다. 김러닝과 마라톤GO 기준 5km와 10km 두 종목이며 접수는 6월 30일까지입니다. 참가비는 무료로 안내돼 있습니다.,여름 초입에 실전 분위기로 훈련할 수 있는 무료 대회입니다. 다만 7월 금산은 더위 부담이 커서 기록보다 컨디션 점검용으로 보는 편이 맞습니다.,https://kimrunning.com/marathon/284,김러닝,2026-05-18,"금산 무료 훈련 마라톤, 여름 5K, 10K 컨디션 점검용.",reviewed,"김러닝, 마라톤GO, KorMarathon 교차 확인. 공식 페이지는 mara1080.com 이벤트 상세로 연결."
2026-05-19-11,2026-05-19,no,korea,news,키보토스 런 2026 예매 7분 만에 매진…게임 IP 러닝 이벤트 수요 확인,"파이낸셜뉴스는 5월 18일 넥슨 블루 아카이브 기부 러닝 이벤트 키보토스 런 2026 참가권이 오후 2시 예매 시작 뒤 7분 만에 매진됐다고 보도했습니다. 행사는 6월 14일 경기 하남 미사경정공원에서 열리며 4,500명 규모 5km 코스로 운영됩니다. 전자신문 보도 기준 포토존, 굿즈 부스, 코스프레 이벤트, DJ 공연도 함께 마련됩니다.",이제 이 소식은 접수 안내가 아니라 러닝 이벤트 트렌드로 봐야 합니다. 인기 IP와 5K가 결합하면 기록형 대회와 다른 수요가 빠르게 움직인다는 신호입니다.,https://www.fnnews.com/ampNews/202605181549274998,파이낸셜뉴스,2026-05-18,"키보토스 런 7분 매진, IP 러닝은 접수 속도가 다릅니다.",reviewed,파이낸셜뉴스 매진 보도와 전자신문 개최 기사 교차 확인. 기존 후보의 오늘 접수 시작 관점은 매진 이후 부적합하여 수정.
2026-05-19-11,2026-05-19,yes,global,safety,"더운 날 페이스보다 체감강도 기준…러너스월드, 여름 러닝 강도 조절법 정리","Runner's World는 5월 17일 더위와 습도가 평소 페이스를 더 힘들게 만드는 이유를 정리했습니다. 기사에서는 더운 날 같은 페이스를 고집하기보다 RPE 기준으로 강도를 맞추고, 쉬운 달리기는 말이 되는 수준의 4/10 정도 노력감으로 유지하라고 설명합니다. 체감 열감이 8~10 수준이면 달리기를 멈추고 그늘에서 식히며 수분을 보충하라는 기준도 제시했습니다.",국내도 5월 말부터 낮 기온과 습도가 빠르게 올라갑니다. 봄 대회 페이스를 여름 훈련에 그대로 가져가면 쉬운 달리기도 과훈련이 될 수 있습니다.,https://www.runnersworld.com/training/a71318220/running-intensity-in-heat/,Runner's World,2026-05-17,더운 날은 페이스가 아니라 체감강도 4/10을 기준으로.,reviewed,Runner's World 5/17 기사 확인. WHOOP 2월 글을 대체할 최근 안전/훈련 후보.
2026-05-19-11,2026-05-19,no,global,training,첫 5K는 숫자로 쪼개면 작아진다…입문 러너용 목표 설정법,"Runner's World는 5월 18일 첫 5K가 생각보다 접근 가능한 목표라는 관점의 훈련 글을 업데이트했습니다. 기사에서는 3.1마일이라는 거리를 주차, 분, 마일 같은 작은 숫자로 쪼개면 초보 러너가 목표를 현실적으로 볼 수 있다고 설명합니다. 시작점에 따라 고를 수 있는 5K 훈련 계획도 함께 소개했습니다.",국내 후보에도 5K 이벤트가 많아지고 있습니다. 처음 대회에 나가는 독자에게는 장비보다 목표를 작게 나누는 방식이 참가 장벽을 낮춥니다.,https://www.runnersworld.com/training/a71337160/5k-training-data-by-the-numbers/,Runner's World,2026-05-18,첫 5K는 3.1마일을 작은 훈련 단위로 쪼개는 것부터.,reviewed,Runner's World 5/18 기사 확인. 국내 5K 이벤트 증가와 연결 가능한 입문 훈련 후보.
2026-05-21-12,2026-05-21,yes,korea,event,"홍천사랑마라톤 5월 19일 접수 시작…10월 4일 하프·10K·5K 운영","2026 홍천사랑마라톤은 10월 4일 홍천종합운동장에서 열립니다. 마라톤GO 기준 하프, 10km, 5km 세 종목이고 접수 기간은 5월 19일부터 8월 31일까지입니다. 공개 안내에는 5월 19일 오후 2시 접수 시작으로 표시돼 있습니다.","가을 강원권 대회를 미리 잡으려는 러너에게 선택지가 하나 더 생겼습니다. 접수 기간은 길지만 숙박과 이동이 필요한 지역 대회라 일정을 먼저 고정하는 편이 좋습니다.",https://marathongo.co.kr/raceDetail/domestic/2026-hongcheon-sarang-marathon,마라톤GO,2026-05-19,"홍천사랑마라톤, 10월 강원권 목표 대회 접수 시작.",reviewed,"마라톤GO에서 대회일, 장소, 종목, 접수 기간, 접수 시작 문구 확인."
2026-05-21-12,2026-05-21,yes,korea,event,"부산 송도해안트레일런 6월 13일 개최…13K 선착순 50명","부산 송도해안트레일런은 6월 13일 남항대교 수변야외공연장에서 오전 8시에 출발합니다. EnduroHub 기준 13km 단일 종목이며 신청은 6월 12일 17시까지, 참가 인원은 입금자 선착순 50명으로 제한됩니다. 참가비는 2만9천500원으로 안내돼 있습니다.","대형 트레일 대회가 부담스러운 부산권 러너에게 짧고 작은 해안 트레일 선택지입니다. 모집 인원이 적어 관심 있다면 코스 난도와 환불 가능일을 바로 확인해야 합니다.",https://www.endurohub.kr/races/%EB%B6%80%EC%82%B0-%EC%98%81%EB%8F%84%ED%8A%B8%EB%A0%88%EC%9D%BC%EB%9F%B0,EnduroHub,2026-05-20,"송도해안트레일런, 13K 소규모 해안 트레일.",reviewed,"EnduroHub에서 일정, 장소, 코스, 신청 마감, 선착순 50명, 참가비, 제한시간 확인."
2026-05-21-12,2026-05-21,yes,korea,event,"버닝런 2026 대체공휴일 여의도 개최…5K·7K·10K 순차 출발","버닝런 2026은 5월 25일 서울 여의도 한강공원 물빛무대에서 열립니다. KorMarathon 기준 5km, 7km, 10km 세 종목이고 참가비는 각각 3만5천원, 4만원, 4만5천원입니다. 행사장 집결은 오전 8시, 출발은 8시 30분부터 순차 진행으로 안내돼 있습니다.","연휴 마지막 날 한강 레이스라 참가자는 교통, 물품보관, 더위 대응을 미리 점검해야 합니다. 7K와 10K는 기록칩이 제공돼 가벼운 기록 점검용으로도 볼 수 있습니다.",https://www.kormarathon.com/ko/races/burning-run-2026,KorMarathon,2026-05-21,"버닝런, 5/25 여의도 5K·7K·10K 운영.",reviewed,"KorMarathon에서 대회일, 장소, 종목, 참가비, 출발 운영, 기록칩 안내 확인."
2026-05-21-12,2026-05-21,yes,korea,event,"야반도주 in Busan 5월 30일 북항 야간 10K…선착순 3천명","2026 야반도주 in Busan은 5월 30일 부산 북항친수공원 잔디마당에서 저녁 7시 30분 열리는 10km 야간 레이스입니다. KorMarathon 기준 참가비는 6만원이고 부산일보가 주최하며 위즈런 솔루션이 운영사무국을 맡습니다. 공개 안내에는 온라인 접수, 선착순 3천명, 기록칩과 야광 팔찌 등 기념품이 표시돼 있습니다.","야간 레이스는 낮 대회와 준비가 다릅니다. 부산 참가자는 조명, 귀가 동선, 저녁 식사와 수분 섭취 시간을 따로 계획해야 합니다.",https://www.kormarathon.com/ko/races/2026-midnight-road-race-in-busan,KorMarathon,2026-05-21,"부산 야반도주, 북항 10K는 저녁 루틴이 핵심.",reviewed,"KorMarathon에서 일정, 장소, 출발 시간, 참가비, 선착순 규모, 주최·운영 정보 확인."
2026-05-21-12,2026-05-21,no,korea,event,"제31회 바다의날 마라톤 5월 23일 상암 개최…하프·10K·5K 운영","제31회 바다의날 마라톤대회는 5월 23일 서울 상암동 평화의공원 평화광장에서 열립니다. KorMarathon 기준 하프, 10km, 5km 세 종목으로 운영됩니다. 접수는 이미 마감됐고 공식 홈페이지는 badamarathon.com으로 연결됩니다.","참가자는 발행 이틀 뒤 바로 대회장에 서게 됩니다. 상암권 행사는 교통 혼잡이 잦으니 집결 시간, 물품보관, 귀가 동선을 전날 확정하는 것이 좋습니다.",https://www.kormarathon.com/ko/races/the-31th-ocean-day-marathon,KorMarathon,2026-05-21,"바다의날 마라톤, 상암 참가자는 대회 전 동선 점검.",reviewed,"KorMarathon에서 대회일, 장소, 종목, 접수 마감 상태, 공식 홈페이지 연결 확인."
2026-05-21-12,2026-05-21,no,korea,event,"hy 하루런 5월 23일 미사경정공원 개최…10K는 기록칩 제공","2026 hy 하루런 마라톤대회는 5월 23일 경기 미사경정공원 광장에서 열립니다. KorMarathon 기준 5km 참가비는 4만원, 10km 참가비는 4만5천원이며 10km 참가자는 기록칩으로 기록 측정이 이뤄집니다. 대회 당일 셔틀버스 운행도 안내돼 있습니다.","미사권 5K, 10K 참가자는 기록 측정 여부와 셔틀 동선을 먼저 확인해야 합니다. 5K는 기록칩이 없으므로 기록 목표보다 가벼운 완주 이벤트로 보는 편이 맞습니다.",https://www.kormarathon.com/ko/races/2026-hy-harurun-marathon,KorMarathon,2026-05-21,"hy 하루런, 5K와 10K 기록 운영 차이를 확인.",reviewed,"KorMarathon에서 일정, 장소, 종목별 참가비, 5K 기록칩 미제공, 10K 기록 측정, 셔틀 안내 확인."
2026-05-21-12,2026-05-21,no,korea,event,"분노의질주런 용인스피드웨이 5월 23일 개최…서킷 1랩·3랩 운영","2026 분노의질주런 용인스피드웨이는 5월 23일 에버랜드 스피드웨이에서 열립니다. KorMarathon 기준 1 Lap 이벤트 런은 4.34km, 3 Laps는 13.04km로 운영되고 3 Laps는 10km 구간 기록 측정도 제공합니다. 참가비는 GS Pay 혜택가와 일반가가 나뉘어 안내돼 있습니다.","자동차 서킷을 달리는 이색 레이스라 노면과 햇빛 노출이 일반 도로와 다를 수 있습니다. 참가자는 기록 욕심보다 페이스 조절과 보급 위치를 먼저 챙겨야 합니다.",https://www.kormarathon.com/ko/races/2026-fast-and-furious-run,KorMarathon,2026-05-21,"용인스피드웨이 서킷런, 1랩과 3랩 운영 방식 확인.",reviewed,"KorMarathon에서 대회일, 장소, 1 Lap·3 Laps 거리, 10km 기록 측정, 참가비 구간 확인."
2026-05-21-12,2026-05-21,no,korea,event,"달려용,인 RUN FESTA 5월 23일 용인 개최…5K·10K 생활체육 레이스","달려용,인 2026 RUN FESTA는 5월 23일 경기도 용인시 처인구 경안천로 76 일대에서 열립니다. KorMarathon 기준 5km와 10km 두 종목이며 참가비는 5km 4만원, 10km 4만5천원입니다. 주최는 한국외국어대학교 글로벌스포츠산업학부로 안내돼 있습니다.","같은 날 수도권에 여러 러닝 행사가 몰려 있어 참가자는 자기 대회명을 정확히 확인해야 합니다. 용인권 러너에게는 접근성 좋은 5K, 10K 완주 이벤트입니다.",https://www.kormarathon.com/ko/races/dallyeoyongin-2026-run-festa,KorMarathon,2026-05-21,"달려용인 RUN FESTA, 용인 5K·10K 현장 동선 확인.",reviewed,"KorMarathon에서 대회일, 장소, 종목, 참가비, 주최 정보 확인."
2026-05-21-12,2026-05-21,yes,global,event,"대형 마라톤 추첨 탈락 대안…목표 대회보다 목표 경험을 먼저 정하기","Runner's World는 5월 18일 월드 마라톤 메이저 같은 대형 대회 추첨에 떨어졌을 때의 대응법을 다뤘습니다. 기사에서는 2026 런던마라톤 퍼블릭 볼럿에 100만 명 이상이 신청했고 실제 참가 규모는 6만 명 수준이라고 설명합니다. 여행사, 자선 참가, 자원봉사, 작은 대회로 목표를 재설계하는 방법도 함께 제안했습니다.","해외 메이저 대회를 꿈꾸는 국내 러너에게도 현실적인 조언입니다. 특정 도시보다 기록, 여행, 경쟁, 완주 경험 중 무엇이 목표인지 먼저 정하면 대체 대회 선택이 쉬워집니다.",https://www.runnersworld.com/races-places/a71318334/world-marathon-major-race-alternatives/,Runner's World,2026-05-18,"메이저 추첨 탈락도 시즌 목표를 다시 짜는 계기.",reviewed,"Runner's World 5/18 기사 확인. 런던마라톤 신청 규모, 6만 명 참가 규모, 대체 진입 경로와 목표 재설계 관점 정리."
2026-05-21-12,2026-05-21,no,global,training,"크리티컬 벨로시티 훈련 주목…젖산역치보다 살짝 빠른 지속 가능 인터벌","Runner's World는 5월 16일 critical velocity 훈련을 소개했습니다. 기사에서는 CV를 젖산역치보다 약간 빠르고 VO2max 전력주보다 낮은 강도로 설명하며, 초보자는 총 12~15분, 중급자는 18~21분, 상급자는 21~24분 정도를 CV 페이스로 나눠 달리는 방식을 제안했습니다. 예시로 중급 러너에게 3분 반복주 6~7회와 1분 회복을 제시했습니다.","여름으로 넘어가는 시기에는 무작정 전력 인터벌을 늘리기보다 회복 가능한 속도 훈련이 유용합니다. 5K부터 마라톤까지 기록을 노리는 러너가 주 1회 품질훈련으로 검토할 만합니다.",https://www.runnersworld.com/training/a71310980/critical-velocity-workouts/,Runner's World,2026-05-16,"CV 훈련, 숨이 무너지기 전 속도로 꾸준히 빠르게.",reviewed,"Runner's World 5/16 기사 확인. CV 정의, 총 훈련 시간, 3분 반복주 예시, 적용 거리 중심으로 정리."
2026-05-23-13,2026-05-23,yes,korea,event,"지구런, 아시안 하이웨이 테마 평화 러닝 행사","2026 지구런 : 더 아시안 하이웨이는 5월 30일 여의도공원 문화의 마당에서 오전 8시에 출발합니다. 공식 홈페이지 기준 5km와 10km로 운영되며 참가비는 5km 4만5천원, 10km 5만원입니다. 보도자료에 따르면 온라인 접수는 선착순 6,000명 조기 마감됐고, 현장에는 피스월, 포토존, 룰렛 등 참여형 콘텐츠가 운영됩니다.","참가자는 여의도한강공원이 아니라 여의도공원 문화의 마당 집결이라는 점을 먼저 확인해야 합니다. 접수는 끝났지만 다음 주말 서울권 참가자에게 동선과 행사 성격을 알려줄 가치가 있습니다.",https://earthrun.kr/,지구런 공식,2026-05-23,"지구런 5/30 여의도, 집결지는 한강공원이 아니라 여의도공원.",reviewed,"공식 홈페이지에서 일정, 장소, 종목, 참가비 확인. 아시아경제·일간스포츠 조기 마감 보도 교차 확인."
2026-05-23-13,2026-05-23,yes,korea,event,"제2회 한밭 런앤워크 5월 30일 대전 개최…5K는 가족형, 10K는 기록칩","제2회 한밭 런앤워크는 5월 30일 대전 엑스포 시민광장에서 열립니다. KorMarathon 기준 5km 참가비는 3만5천원, 10km 참가비는 4만원이며 10km는 기록칩을 제공하고 5km는 기록칩이 없습니다. 공식 페이지와 공개 일정에는 공익 스포츠 페스티벌 성격과 가족, 어린이 참가 안내가 함께 표시돼 있습니다.","대전권 러너에게는 기록형 10K와 가족형 5K를 나눠 선택할 수 있는 행사입니다. 5K 참가자는 기록 측정보다 동반 완주와 현장 운영을 기준으로 보면 좋습니다.",https://www.hrun.co.kr/,제2회 한밭 런앤워크 공식,2026-05-23,"한밭 런앤워크, 10K 기록칩과 5K 가족형 운영을 구분.",reviewed,"공식 홈페이지 접근 확인. KorMarathon·런조아에서 일정, 장소, 종목별 참가비, 기록칩 안내 교차 확인."
2026-05-23-13,2026-05-23,no,korea,event,"백양산 숲길 건강달리기, 부산 임도 레이스와 걷기 코스 운영","2026 백양산 숲길 건강달리기 대회는 5월 31일 부산학생문화교육회관 광장에서 출발합니다. Runningwiki 기준 21km 임도 레이스, 10km, 6km 걷기 종목으로 운영되며 모집 총원은 900명입니다. 주최는 부산아마추어마라톤클럽연맹으로 안내돼 있습니다.","부산권 러너가 로드와 트레일 사이의 숲길 코스를 경험할 수 있는 선택지입니다. 참가자는 일반 도로 10K보다 고도, 노면, 보급 위치를 더 신경 써야 합니다.",https://runningwikii.com/entry/2026-baegyangsan-forest-run/,Runningwiki,2026-05-23,"백양산 숲길, 로드화보다 노면과 고도 확인이 먼저.",reviewed,"Runningwiki·Sqnc에서 일정, 장소, 종목, 모집 규모, 주최 정보 교차 확인."
2026-05-23-13,2026-05-23,yes,korea,event,"여명국제마라톤, 뚝섬 한강권 하프 레이스 운영","제18회 여명국제마라톤은 5월 30일 서울 뚝섬한강공원 수변광장에서 오전 9시에 출발합니다. 공식 대회요강 기준 하프, 10km, 5km, 마니아 부문으로 운영되며 참가비는 하프 6만원, 10km 5만5천원, 5km 4만원입니다. 5km를 제외한 주요 종목에는 기록칩이 제공됩니다.","다음 주말 한강권 레이스 참가자는 더위와 혼잡을 함께 준비해야 합니다. 5K는 기록칩이 없으므로 기록 목표라면 10K 이상 종목 운영을 확인해야 합니다.",https://www.dawnmarathon.com/dorun/info.php,여명국제마라톤 공식,2026-05-23,"여명국제마라톤, 뚝섬 참가자는 5K 기록칩 여부 확인.",reviewed,"공식 대회요강에서 일정, 장소, 종목, 참가비, 기록칩, 접수 마감 확인."
2026-05-23-13,2026-05-23,no,korea,event,"THE RACE GWANGJU 10K 5월 31일 광주월드컵경기장 출발","2026 THE RACE GWANGJU 10K는 5월 31일 광주월드컵경기장에서 오전 8시에 출발하는 10km 단일 종목 대회입니다. KorMarathon과 고러닝 기준 주최는 헤럴드경제이며 모집 규모는 5,000명, 참가비는 5만원으로 안내돼 있습니다. 접수는 마감 상태입니다.","광주권 10K 참가자는 대회 전날 배번, 주차, 집결 시간을 다시 확인해야 합니다. 단일 10K 대회라 입문 러너와 기록 점검 러너가 같은 시간대에 몰릴 가능성이 큽니다.",https://www.kormarathon.com/ko/races/the-race-gwangju-10k-2026,KorMarathon,2026-05-23,"THE RACE GWANGJU, 5/31 광주 10K 대회 전 동선 점검.",reviewed,"KorMarathon·고러닝·EnduroHub에서 일정, 장소, 종목, 주최, 모집 규모 교차 확인."
2026-05-23-13,2026-05-23,no,korea,event,"고래마라톤, 울산권 5월 마지막 주말 생활체육 레이스","2026 고래마라톤은 5월 31일 울산 태화강 둔치, 태화교 밑에서 열립니다. Runningwiki 기준 하프, 10km, 5km 세 종목이고 모집은 선착순 3,000명, 주최는 울산 남구 육상연맹으로 정리돼 있습니다. Runxel과 마라톤모아도 울산 5월 말 대표 대회로 같은 일정과 장소를 안내합니다.","울산권 러너에게는 5월 마지막 주말의 주요 생활체육 레이스입니다. 태화강 둔치 코스는 햇빛 노출과 강변 바람을 함께 고려해 페이스와 수분 계획을 잡아야 합니다.",https://runningwikii.com/entry/2026-ulsan-whale-marathon/,Runningwiki,2026-05-23,"울산 고래마라톤, 태화강 둔치 더위와 바람을 같이 대비.",reviewed,"Runningwiki·Runxel·마라톤모아에서 일정, 장소, 종목, 모집 규모 교차 확인."
2026-05-23-13,2026-05-23,no,global,training,"엘리트식 마라톤 훈련을 일반 러너에게 낮춰 적용하는 법","Runner's World는 5월 22일 Renato Canova식 마라톤 훈련에서 일반 러너가 참고할 만한 요소를 정리했습니다. 기사에서는 장거리주 안에 마라톤 페이스를 나눠 넣기, 마라톤 페이스 인터벌, 짧은 언덕 스프린트 같은 세 가지 접근을 소개합니다. 동시에 엘리트의 고용량 특수 블록은 직장인 러너에게 그대로 맞지 않는다고 선을 긋습니다.","가을 마라톤 준비를 시작하는 러너에게 ‘프로 훈련 따라 하기’보다 필요한 부분만 가져오는 기준을 줍니다. 긴 훈련보다 회복 가능한 마라톤 페이스 노출을 먼저 늘리는 쪽이 현실적입니다.",https://www.runnersworld.com/training/a71363289/fastest-marathon-workouts/,Runner's World,2026-05-22,"엘리트 훈련은 그대로 복사하지 말고, 마라톤 페이스 노출만 가져오기.",reviewed,"Runner's World 5/22 기사 확인. Canova식 훈련의 일반 러너 적용 포인트 중심으로 정리."
2026-05-23-13,2026-05-23,yes,global,training,"속도를 올려도 되는 세 가지 신호…페이스보다 회복 먼저 확인","Runner's World는 5월 23일 훈련 페이스를 올릴 준비가 됐는지 판단하는 세 가지 신호를 소개했습니다. 기사에서는 목표 페이스를 안정적으로 맞추는지, 스피드 세션 뒤 회복주가 무너지지 않는지, 부상이나 과도한 피로가 없는지를 체크하라고 설명합니다. 쉬운 달리기는 RPE 3~4 수준으로 유지하는 기준도 함께 제시됐습니다.","여름으로 넘어가면 무리한 페이스 상향이 부상으로 이어지기 쉽습니다. 5K나 10K 기록을 노리는 러너도 속도보다 회복 상태를 먼저 보고 훈련 강도를 올려야 합니다.",https://www.runnersworld.com/training/a71363618/increase-running-pace-signs/,Runner's World,2026-05-23,"페이스를 올리기 전, 기록보다 회복주 상태를 먼저 보세요.",reviewed,"Runner's World 5/23 기사 확인. 페이스 적중, 회복, 부상 여부 3가지 체크포인트 중심으로 정리."
2026-05-23-13,2026-05-23,yes,global,safety,"여름 장거리주는 자외선 차단제도 보급품처럼 챙기기","Runner's World는 5월 21일 러너용 땀 저항 자외선 차단제 가이드를 업데이트했습니다. 기사에서는 긴 야외 러닝에서는 SPF 30 이상, 오일프리·워터레지스턴트·무향 제품을 고르고, 1시간이 넘는 러닝에서는 덧바를 제품을 챙기라고 조언합니다. 스프레이나 스틱도 쓸 수 있지만 충분히 바르고 문질러야 한다는 점을 덧붙였습니다.","5월 말부터 낮 러닝은 더위뿐 아니라 자외선 노출도 커집니다. 모자와 선글라스만으로 끝내지 말고 장거리주 전후 피부 보호를 루틴에 넣어야 합니다.",https://www.runnersworld.com/training/g19576604/best-sunscreen-for-runners/,Runner's World,2026-05-21,"여름 롱런 준비물에 SPF 30 이상 자외선 차단제 추가.",reviewed,"Runner's World 5/21 업데이트 확인. SPF, 워터레지스턴트, 재도포 기준 중심으로 정리."
2026-05-23-13,2026-05-23,no,global,gear,"핸드헬드 물병 가이드 업데이트…짧은 여름 러닝은 용량과 그립이 핵심","Runner's World는 5월 21일 러너용 핸드헬드 물병 가이드를 업데이트했습니다. 기사에서는 10~22온스 용량 제품이 짧거나 중간 거리 러닝에 맞고, 더 긴 거리나 더운 장거리주에는 조끼형 수납이 더 편할 수 있다고 설명합니다. 스트랩, 보관 포켓, 보냉 여부도 선택 기준으로 제시했습니다.","여름 훈련에서는 물을 들고 뛰는 방식 자체가 페이스와 팔 피로에 영향을 줍니다. 짧은 조깅은 핸드헬드, 긴 장거리주는 베스트처럼 거리별 수분 운반 방식을 나눠야 합니다.",https://www.runnersworld.com/gear/g40444712/best-running-water-bottles/,Runner's World,2026-05-21,"핸드헬드 물병은 거리, 그립, 수납을 기준으로 고르기.",reviewed,"Runner's World 5/21 업데이트 확인. 용량 범위, 장거리 대안, 스트랩·포켓 기준 중심으로 정리."
2026-05-26-14,2026-05-26,yes,korea,event,"월리를 찾아라런 in 서울 5월 27일 접수 마감","월리를 찾아라런 in 서울 2026은 6월 21일 서울 여의도공원 문화의마당에서 오전 7시 30분 출발합니다. 마라톤모아와 Runxel 공개 정보 기준 접수 기간은 5월 18일부터 5월 27일까지이며 10km 참가비는 8만8천원, 5km 참가비는 7만7천원입니다. 주최는 베니카, 문의처는 1644-2525로 안내돼 있습니다.","콘셉트형 5K, 10K 이벤트는 접수 마감 직전에 빠르게 움직일 수 있습니다. 참가비가 높은 편이라 굿즈, 현장 운영, 동반자 취향을 확인한 뒤 결정하는 게 좋습니다.",https://marathon.me.kr/events/513f9819-9b1c-433d-a5c7-27f83267eaa9,마라톤모아,2026-05-26,"월리런, 접수 마감 전 참가비와 콘셉트 적합성 확인.",reviewed,"마라톤모아·Runxel에서 일정, 장소, 접수 기간, 참가비, 주최 정보 교차 확인."
2026-05-26-14,2026-05-26,no,korea,event,"충주마라톤 6월 20일 개최…충주종합운동장 출발","2026 제25회 충주마라톤대회는 6월 20일 충주종합운동장에서 오전 7시 30분 출발합니다. Runmile 기준 하프, 10km, 5km로 운영되며 참가비는 하프와 10km 4만원, 5km 3만원입니다. 접수는 2월 23일부터 종목별 선착순으로 진행되고, 하프 1,000명, 10km 2,000명, 5km 1,000명 규모로 안내돼 있습니다.","충북권 러너가 여름 전 기록을 점검할 수 있는 지역 대회입니다. 현장 접수가 없고 종목별 선착순이라 참가자는 신청 상태와 입금 완료 여부를 먼저 확인해야 합니다.",https://cashwalk.com/runmile/race/16/2026-chungju-marathon,Runmile,2026-05-26,"충주마라톤, 선착순 접수와 입금 완료 여부를 먼저 확인.",reviewed,"Runmile에서 대회일, 장소, 종목, 참가비, 접수 방식, 모집 규모 확인."
2026-05-26-14,2026-05-26,yes,korea,event,"광진구 중랑천 생활체육 레이스 5월 29일까지 접수","제21회 광진구연맹회장배 육상대회는 6월 14일 서울 중랑천 체육공원에서 오전 8시 30분 출발합니다. 공식 대회요강 기준 5km와 10km로 운영되며 전 종목 기록칩이 있고 참가비는 5km 4만원, 10km 4만5천원입니다. 마라톤GO와 공연어때에는 접수 마감이 5월 29일로 안내돼 있습니다.","서울 동북권 생활체육 대회라 접근성이 좋고, 5K도 기록칩이 있다는 점이 장점입니다. 10K는 1시간 20분 이내 완주 조건이 있어 입문 러너는 거리 선택을 먼저 확인해야 합니다.",https://ksgaaf.co.kr/overview,광진구연맹회장배 공식,2026-05-26,"광진구 5K도 기록칩 제공, 10K 제한시간 확인.",reviewed,"공식 대회요강, KorMarathon, 마라톤GO에서 일정, 장소, 종목, 참가비, 기록칩, 접수 마감 교차 확인."
2026-05-26-14,2026-05-26,yes,korea,event,"도시가스 트레일 온 런 강원 5월 31일까지 접수…강릉 24K·12K·4.4K","2026 도시가스 트레일 온 런 강원은 6월 6일 강릉 경포호수광장에서 오전 9시에 열립니다. 공식 홈페이지 기준 24K 도전형 트레일, 12K 프리뷰 트레일, 4.4K 레이크 걷기로 운영되며 참가비는 각각 6만원, 5만원, 1만5천원입니다. 고러닝은 접수 마감일을 5월 31일로 안내합니다.","로드 대회와 달리 트레일은 거리보다 코스 제한시간과 장비 준비가 중요합니다. 강릉 이동이 필요한 만큼 숙박, 집결 시간, 24K 제한시간 4시간 30분을 먼저 확인해야 합니다.",https://citygasonrun.com/about,도시가스 트레일 온 런 공식,2026-05-26,"강릉 트레일 온 런, 거리보다 제한시간과 장비 준비가 핵심.",reviewed,"공식 홈페이지에서 종목, 참가비, 집결·출발 시간, 제한시간 확인. 고러닝 접수 마감 정보 교차 확인."
2026-05-26-14,2026-05-26,no,korea,event,"제2회 희망 서울마라톤 6월 11일까지 접수…여의도공원 3종목","제2회 희망 서울마라톤은 6월 20일 서울 여의도공원 문화의마당에서 오전 8시에 출발합니다. 공식 홈페이지 기준 하프, 10km, 5km로 운영되며 전 종목 참가비는 5만원, 접수는 6월 11일까지입니다. 5월 18일에는 공식 메달 키링 판매 안내 공지도 올라왔습니다.","여의도공원 출발 대회가 계속 이어져 동선 혼동이 생기기 쉽습니다. 참가자는 여의도 한강공원과 여의도공원 문화의마당을 구분하고, 물품보관과 대중교통을 먼저 확인해야 합니다.",https://www.hoperun.kr/,희망 서울마라톤 공식,2026-05-26,"희망 서울마라톤, 여의도공원 문화의마당 출발지를 정확히 확인.",reviewed,"공식 홈페이지에서 대회일, 장소, 접수 마감, 종목, 참가비 확인. 공지사항 5/18 업데이트 확인."
2026-05-26-14,2026-05-26,no,korea,event,"MBN 전국 나주 마라톤, 가을 영산강 코스 접수 중","2026 MBN 전국 나주 마라톤대회는 10월 17일 전남 나주종합스포츠파크에서 열립니다. KorMarathon 기준 접수 기간은 5월 4일부터 7월 19일까지이며 풀, 하프, 10km 참가비는 3만5천원, 5km는 1만5천원입니다. 공식 홈페이지는 najumarathon.com으로 연결됩니다.","가을 남도 레이스를 미리 잡으려는 러너에게 비용 부담이 낮은 선택지입니다. 일정은 멀지만 숙박과 이동이 필요한 지역 대회라 가족, 크루 일정부터 맞춰두는 편이 좋습니다.",https://www.kormarathon.com/ko/races/the-2026-mbn-naju-marathon,KorMarathon,2026-05-26,"나주 마라톤, 가을 원정 레이스는 이동 계획부터 잡기.",reviewed,"KorMarathon에서 대회일, 장소, 접수 기간, 종목, 참가비, 공식 홈페이지 연결 확인."
2026-05-26-14,2026-05-26,no,korea,event,"서울런, 6월 말 여의도공원 도심형 레이스 접수 중","2026 서울런은 6월 28일 서울 여의도공원 문화의마당에서 오전 8시에 열립니다. KorMarathon 기준 접수 기간은 3월 6일부터 6월 17일까지이며 하프, 10km, 5km 세 종목 모두 참가비는 5만원입니다. 전 종목 기록칩을 사용한다고 안내돼 있습니다.","6월 말 도심형 레이스를 찾는 러너에게 아직 시간이 있는 선택지입니다. 같은 여의도공원 출발 대회가 많으므로 대회명과 날짜를 캘린더에서 분리해두는 편이 안전합니다.",https://www.kormarathon.com/ko/races/2026-seoul-run,KorMarathon,2026-05-26,"서울런, 6월 말 여의도공원 레이스는 날짜 혼동을 피하세요.",reviewed,"KorMarathon에서 일정, 장소, 접수 기간, 종목, 참가비, 기록칩 안내 확인."
2026-05-26-14,2026-05-26,yes,global,training,"초보 러너용 자세 가이드…완벽한 폼보다 효율 점검","Runner's World는 5월 26일 러닝 자세 가이드를 업데이트했습니다. 기사에서는 보폭, 상체 정렬, 팔 흔들기, 착지 위치처럼 기본 동작을 다루며, 완벽한 하나의 자세보다 자신의 움직임을 이해하고 효율을 높이는 접근을 강조합니다. 같은 날 별도 러닝 폼 프로그램도 공개됐습니다.","대회가 많아지는 시기에는 거리만 늘리기보다 통증 없이 오래 달리는 몸의 사용법을 점검해야 합니다. 입문 러너는 페이스보다 자세, 리듬, 피로 신호를 먼저 보는 편이 안전합니다.",https://www.runnersworld.com/beginner/a20811257/proper-running-form-0/,Runner's World,2026-05-26,"초보 러너는 기록보다 자세와 피로 신호부터 점검.",reviewed,"Runner's World 5/26 러닝 자세 기사와 러닝 폼 가이드 공개 확인."
2026-05-26-14,2026-05-26,yes,global,gear,"가민 워치 첫 설정 가이드…데이터 화면은 러닝 목적별로 나누기","Runner's World는 5월 26일 Garmin 러닝 워치 초기 설정 가이드를 공개했습니다. 기사에서는 홈 화면과 Garmin Connect 앱 설정, 쉬운 달리기·운동·레이스용 데이터 화면 분리, 레이스 때 알림과 터치스크린을 줄이는 방식을 제안합니다. 처음부터 모든 지표를 보려 하기보다 필요한 수치부터 시작하라고 설명합니다.","GPS 워치를 새로 산 러너는 숫자가 많아질수록 달리기에 집중하기 어렵습니다. 쉬운 조깅, 인터벌, 레이스 화면을 따로 만들면 훈련 목적에 맞는 정보만 볼 수 있습니다.",https://www.runnersworld.com/gear/a71409296/how-to-set-up-garmin-watch/,Runner's World,2026-05-26,"가민 워치는 쉬운 달리기와 레이스 화면을 따로 세팅.",reviewed,"Runner's World 5/26 Garmin 설정 가이드 확인. 데이터 화면, 알림, 터치스크린 설정 중심으로 정리."
2026-05-26-14,2026-05-26,no,global,gear,"알트라 Experience Wild 3, 낮은 드롭 트레일 선택지로 추가","Runner's World는 5월 26일 Altra 러닝화 가이드를 업데이트했습니다. 기사에서는 Altra가 넓은 토박스와 제로 드롭으로 알려졌지만, 최근에는 4mm 드롭 모델도 포함된다고 설명합니다. 업데이트 노트에는 Experience Wild 3가 4mm 드롭, MaxTrac 아웃솔, 넉넉한 착화감의 트레일 선택지로 추가됐습니다.","제로 드롭에 바로 적응하기 부담스러운 러너에게 낮은 드롭 모델은 중간 선택지가 됩니다. 발볼, 종아리 부담, 트레일 사용 여부를 함께 보고 천천히 전환하는 게 좋습니다.",https://www.runnersworld.com/gear/a23311221/best-altra-running-shoes/,Runner's World,2026-05-26,"알트라는 제로 드롭만 보지 말고 4mm 드롭 선택지도 확인.",reviewed,"Runner's World 5/26 Altra 가이드 업데이트 확인. Experience Wild 3와 4mm 드롭 언급 중심으로 정리."
2026-05-28-15,2026-05-28,yes,korea,event,"JUST RUN 대구 노원체육공원 평지 레이스 집결 안내","2026 JUST RUN10 대구는 5월 30일 대구 노원체육공원 축구장에서 열립니다. 마라톤GO 기준 5km와 10km 두 종목이며 오전 9시 집결로 안내돼 있고, 10K와 5K 모두 기록칩을 지원한다고 소개합니다. KorMarathon은 공식 10km 러닝 대회 성격과 평지 코스, 티어별 출발 운영을 강조합니다.","발행 이틀 뒤 열리는 대구권 주말 레이스입니다. 이미 접수는 마감됐지만 참가자는 집결 시간, 티어별 출발, 기록칩 수령 동선을 확인해야 하고 비참가 러너는 같은 시간대 금호강변 훈련 동선을 조정할 필요가 있습니다.",https://marathongo.co.kr/raceDetail/domestic/2026-just-run10-daegu-10k,마라톤GO,2026-05-28,"JUST RUN10 대구, 기록칩 5K·10K는 집결 시간부터 확인.",reviewed,"마라톤GO와 KorMarathon에서 일정, 장소, 종목, 집결 시간, 기록칩, 평지 코스 설명 확인."
2026-05-28-15,2026-05-28,no,korea,event,"고래 마라톤 5월 31일 울산 태화강서 개최…하프·10K·5K 운영","고래 마라톤은 5월 31일 울산 태화강 둔치 태화교 밑에서 열립니다. KorMarathon 기준 종목은 5km, 10km, 하프이며 참가비는 각각 2만원, 3만원, 3만원으로 표시돼 있습니다. 접수 기간은 3월 16일부터 4월 2일까지로 이미 마감됐습니다.","울산 태화강권 러너에게는 이번 주말 교통과 하천 코스 혼잡을 체크해야 하는 일정입니다. 참가자는 하프 출발 전 급수와 더위 대응을, 주변 러너는 태화강 둔치 훈련 시간을 조정하는 게 좋습니다.",https://www.kormarathon.com/ko/races/the-whale-marathon,KorMarathon,2026-05-28,"울산 고래 마라톤, 태화강 둔치 주말 동선 확인.",reviewed,"KorMarathon에서 대회일, 장소, 종목, 참가비, 접수 마감 상태 확인."
2026-05-28-15,2026-05-28,no,korea,event,"백양산 숲길 건강달리기 5월 31일 부산 개최…21K 임도·10K·6K","2026 백양산 숲길 건강달리기 대회는 5월 31일 부산학생문화교육회관 광장에서 오전 8시에 출발합니다. Runningwiki 정리 기준 21km 임도 레이스, 10km, 6km 걷기 종목으로 운영되며 모집 총원은 900명, 접수는 4월 30일까지였습니다. 주최는 부산아마추어마라톤클럽연맹으로 안내돼 있습니다.","로드 대회가 많은 주말에 부산에서는 산길 성격의 레이스가 열립니다. 임도 21K 참가자는 기록보다 고도, 신발 접지력, 하산 후 회복 시간을 먼저 봐야 합니다.",https://runningwikii.com/entry/2026-baegyangsan-forest-run/,Runningwiki,2026-05-28,"백양산 숲길 레이스는 거리보다 노면과 하산 회복을 먼저 보기.",reviewed,"Runningwiki와 KorMarathon 일정 목록에서 일정, 장소, 종목, 모집 규모, 접수 기간 확인."
2026-05-28-15,2026-05-28,yes,korea,event,"보은 속리산 말티재 힐링 알몸 마라톤 5월 31일까지 접수","2026 보은 속리산 말티재 힐링 알몸 마라톤은 6월 21일 충북 보은군 속리산 말티고개에서 열립니다. KorMarathon 기준 접수 기간은 3월 2일부터 5월 31일까지이며 5km와 10km 두 종목, 참가비는 모두 4만5천원입니다.","말티고개라는 장소 특성상 일반 평지 10K와 준비가 다릅니다. 마감까지 사흘 남은 시점이라 참가 여부를 정할 때는 복장 콘셉트보다 오르막 부담, 이동, 더위 대응을 먼저 확인해야 합니다.",https://www.kormarathon.com/ko/races/2026-boeun-sonnisan-healing-nude-marathon,KorMarathon,2026-05-28,"보은 말티재 레이스, 5/31 전 오르막 부담까지 보고 결정.",reviewed,"KorMarathon에서 신청 가능 상태, 대회일, 장소, 접수 기간, 종목, 참가비 확인."
2026-05-28-15,2026-05-28,yes,korea,event,"DC 슈퍼히어로 런, 코스튬형 시민 캠페인 참가 접수 중","DC 슈퍼히어로 런 서울은 6월 13일 서울 여의도공원 문화의마당에서 열리는 10km 이벤트입니다. KorMarathon 기준 접수 기간은 5월 16일부터 6월 3일까지이고 참가비는 7만5천원입니다. 대회 안내에는 약 7천 명 규모, 서강대교 반환 코스, 포토존과 코스튬 이벤트, 11월 MBN 서울마라톤 우선 참가 신청권 제공이 언급돼 있습니다.","콘셉트형 10K는 기록 대회와 참가 판단 기준이 다릅니다. 참가비가 높은 편이므로 굿즈와 현장 경험, MBN 서울마라톤 우선 참가권의 필요성을 함께 계산해야 합니다.",https://www.kormarathon.com/ko/races/dc-superhero-run-seoul,KorMarathon,2026-05-28,"DC 슈퍼히어로 런, 참가비와 우선 참가권 가치를 함께 계산.",reviewed,"KorMarathon과 Runxel에서 접수 상태, 일정, 장소, 종목, 참가비를 확인. Runxel에는 취소 표기가 있어 최종 신청 전 공식 링크 재확인 필요."
2026-05-28-15,2026-05-28,no,korea,event,"국민행복마라톤, 뚝섬 수변광장 집결지와 참가비 확인","제16회 국민행복마라톤은 6월 20일 서울 뚝섬한강공원 수변광장에서 열립니다. Runxel 기준 하프, 10km, 5km로 운영되며 참가비는 하프 6만원, 10km 5만5천원, 5km 4만원으로 안내돼 있습니다. 접수 일정은 2월 시작, 5월 마감으로 표시돼 있습니다.","6월 중순 한강권 대회가 계속 이어지는 만큼 여의도, 반포, 뚝섬 일정을 구분해 캘린더에 넣어야 합니다. 참가자는 뚝섬 수변광장 집결지와 한강변 더위 대비를 먼저 확인하는 편이 안전합니다.",https://runxel.com/events/gungminhaengbok-marathon-2026-06-20,Runxel,2026-05-28,"국민행복마라톤, 뚝섬 한강권 6월 대회 동선 분리.",reviewed,"Runxel과 KorMarathon 검색 결과에서 대회일, 장소, 종목, 참가비, 접수 마감 상태 확인."
2026-05-28-15,2026-05-28,no,korea,event,"노원구청장배 겸 회장배마라톤, 창동교 나눔의광장 접수 중","제10회 노원구청장배 겸 회장배마라톤은 7월 5일 서울 노원구 창동교 아래 나눔의광장에서 열립니다. 마라톤GO 기준 오전 8시 30분 집결, 9시 출발이며 5km와 10km로 운영되고 기록칩을 사용합니다. 주로가 협소해 안전상 조기 마감될 수 있다는 안내도 포함돼 있습니다.","7월 초 생활체육 레이스라 여름 훈련 점검용으로 볼 수 있습니다. 다만 좁은 주로 안내가 있어 기록 욕심보다 출발 위치, 추월 구간, 더위 대응을 먼저 생각해야 합니다.",https://marathongo.co.kr/raceDetail/domestic/10th-nowon-mayor-chairman-marathon-2026-07-05,마라톤GO,2026-05-28,"노원구청장배, 좁은 주로와 여름 출발 시간을 먼저 확인.",reviewed,"마라톤GO, 김러닝, KorMarathon 7월 일정에서 대회일, 장소, 종목, 출발 시간, 기록칩, 조기 마감 안내 확인."
2026-05-28-15,2026-05-28,yes,global,training,"피로가 정상인지 과훈련 신호인지 구분하는 지표 정리","Runner's World는 5월 19일 훈련 피로를 정상 적응 과정과 과도한 누적 피로로 구분하는 방법을 다뤘습니다. 기사에서는 운동 후 생기는 급성 피로와 기능적 오버리칭을 구분하고, 감각에만 의존하지 말고 피로 추적 지표를 활용해 훈련을 조정하라고 설명합니다.","6월 대회를 앞두고 주말마다 레이스를 넣으면 피로가 누적되기 쉽습니다. 페이스가 갑자기 무겁게 느껴질 때는 의지만으로 밀어붙이기보다 수면, 안정시 심박, 주관적 피로를 같이 보는 게 안전합니다.",https://www.runnersworld.com/health-injuries/a71294066/best-way-to-measure-fatigue/,Runner's World,2026-05-28,"무거운 다리가 계속되면 피로 지표를 보고 훈련을 줄이기.",reviewed,"Runner's World 5/19 기사에서 정상 피로, 오버리칭, 지표 활용 관점 확인."
2026-05-28-15,2026-05-28,no,global,gear,"Brooks Ghost 18 출시…일상 조깅화는 큰 변화보다 착지감 개선","T3는 5월 19일 Brooks Ghost 18 출시 소식을 전하며 이 모델이 브랜드의 대표적인 중립 쿠션 데일리 트레이너 라인이라고 설명했습니다. 핵심 변화는 질소 주입 DNA Loft v3 폼을 이어가며 더 부드러운 착지와 매끄러운 전환을 노린 점입니다. Tom's Guide와 Brooks 제품 페이지도 Ghost 18의 DNA LOFT v3 쿠셔닝과 일상 훈련화 성격을 확인합니다.","새 신발을 고를 때 매번 슈퍼슈즈만 볼 필요는 없습니다. 대부분의 주간 훈련은 안정적인 데일리 트레이너가 담당하므로, 착지감과 발 맞음이 개선됐는지 보는 게 더 실용적입니다.",https://www.t3.com/active/running/brooks-ghost-18-launch-0526,T3,2026-05-28,"Ghost 18은 기록화보다 매일 신는 조깅화 관점에서 보기.",reviewed,"T3 5/19 기사, Tom's Guide, Brooks 제품 페이지에서 출시, DNA Loft v3, 데일리 트레이너 성격 확인."
2026-05-28-15,2026-05-28,yes,global,elite,"미국 로드러닝 대표팀 발표…켈라티·맨츠·누구스 코펜하겐 출전","World Athletics는 5월 26일 코펜하겐 2026 세계로드러닝선수권 미국 대표팀 명단을 전했습니다. Weini Kelati, Conner Mantz, Yared Nuguse 등 19명이 1마일, 5km, 하프마라톤 종목에 선발됐고, Kelati와 Mantz는 하프마라톤 북미 기록 보유자로 소개됐습니다. 대회는 9월 19~20일 덴마크 코펜하겐에서 열립니다.","로드 1마일과 5K가 세계선수권 종목으로 함께 부각되면서 짧은 거리 레이스의 위상이 올라가고 있습니다. 국내 러너도 5K와 10K를 입문용으로만 보지 않고 목표 레이스로 설계할 근거가 됩니다.",https://worldathletics.org/competitions/world-athletics-road-running-championships/copenhagen26/news/news/wrrc-copenhagen-26-usa-team,World Athletics,2026-05-28,"코펜하겐 로드 세계선수권, 1마일·5K도 목표 레이스가 됩니다.",reviewed,"World Athletics 5/26 보도에서 미국 대표팀 19명, 종목, 대회 일정, 주요 선수 확인."
2026-05-30-16,2026-05-30,yes,korea,event,"6.10만세운동 메모리얼로드, 오늘 청계광장 무료 걷기 행사","고러닝 기준 6.10만세운동 메모리얼로드는 5월 30일 서울 청계광장에서 15시 30분에 진행되는 약 6.1km 무료 걷기 행사입니다. 접수 기간은 5월 18일부터 5월 30일까지이고, 서울북부보훈지청이 주최하며 선착순 610명으로 안내돼 있습니다. 행사 설명에는 16시부터 18시 10분까지 자유롭게 걷고 3곳의 셀카 인증 미션을 수행하는 방식이 적혀 있습니다.","오늘 오후 바로 참여할 수 있는 서울 도심형 행사입니다. 달리기 대회보다는 걷기와 역사 테마 이벤트에 가까우므로, 강도 높은 훈련 대신 가벼운 회복 활동이나 동반자 일정으로 보는 편이 맞습니다.",https://gorunning.kr/races/1123/610-manse-memorial-road/,고러닝,2026-05-30,"오늘 청계광장 6.1km 무료 걷기, 러닝보다 회복 활동으로 보기.",reviewed,"고러닝에서 일정, 장소, 접수 기간, 주최, 선착순 610명, 행사 방식 확인."
2026-05-30-16,2026-05-30,yes,korea,event,"SPINDLE TRAIL RUN 2026, 평창 삼양라운드힐 12K·20K 접수 중","SPINDLE TRAIL RUN 2026은 6월 21일 강원 평창 삼양라운드힐에서 열리는 트레일런입니다. 공식 페이지와 EnduroHub 기준 종목은 12K와 20K이며, 20K는 09시, 12K는 09시 40분 출발로 안내돼 있습니다. 모집 인원은 총 800명, 접수 기간은 5월 15일부터 6월 5일까지로 정리돼 있습니다.","강원권 초원 지형 트레일을 비교적 짧은 거리로 경험할 수 있는 새 선택지입니다. 로드 10K와 달리 고도, 노면, 이동 시간을 먼저 확인하고 12K와 20K 중 회복 가능한 거리를 골라야 합니다.",https://sqnc.global/spindle-trail-run,SPINDLE TRAIL RUN 공식,2026-05-30,"평창 스핀들 트레일런, 6/5 전 거리와 이동 계획부터 결정.",reviewed,"공식 페이지에서 일정, 장소, 종목 확인. EnduroHub에서 출발 시간, 모집 인원, 접수 기간 교차 확인."
2026-05-30-16,2026-05-30,yes,korea,event,"2026 한글런, 6월 1일 접수 시작…세종 중앙공원 10.9K","고러닝 기준 2026 한글런은 10월 9일 한글날 세종시 중앙공원 도시축제마당에서 09시에 열립니다. 종목은 10.9km로 표시돼 있고, 접수 기간은 6월 1일부터 9월 4일까지입니다. 주최자는 세종시와 헤럴드미디어그룹으로 안내돼 있습니다.","가을 일정이지만 접수 시작일이 바로 다음 주라 캘린더에 넣어둘 만합니다. 10.9km라는 특이한 거리와 지역 축제 성격을 고려해 기록 목표보다 여행형 레이스로 볼지 먼저 정하면 좋습니다.",https://gorunning.kr/races/1128/2026-hangeul-run/,고러닝,2026-05-30,"한글런은 6/1 접수 시작, 10.9K 여행형 레이스로 검토.",reviewed,"고러닝에서 대회일, 장소, 종목, 접수 시작·마감, 주최 정보 확인."
2026-05-30-16,2026-05-30,no,korea,event,"청계산·인릉산 TrailRunn, 7월 서울 근교 산길 접수 중","Runxel 기준 2026 청계산·인릉산 TrailRunn은 7월 19일 08시에 서울 서초구 양재시민의숲역 인근 한국산악마라톤연맹에서 열립니다. 종목은 하프와 12km로 표시돼 있고, 주최는 사단법인 한국산악마라톤연맹입니다. 접수 페이지와 공식 홈페이지는 koreatrail.net으로 연결됩니다.","서울 근교 산길을 여름 일정으로 잡고 싶은 러너에게 선택지가 됩니다. 도로 하프와 달리 더위, 산길 체감 거리, 급수와 하산 동선을 먼저 확인해야 합니다.",https://runxel.com/events/cheonggyesanilleungsan-trailrunn-2026-07-19,Runxel,2026-05-30,"청계산·인릉산 트레일런, 여름 산길은 체감 거리부터 확인.",reviewed,"Runxel에서 일정, 장소, 종목, 접수 상태, 주최, 공식 홈페이지 연결 확인."
2026-05-30-16,2026-05-30,no,korea,event,"푸른하늘런, 6월 6일 상암 월드컵공원 하프·10K·5K 운영","Runxel 기준 2026 푸른하늘런은 6월 6일 서울 상암 월드컵공원 평화광장에서 08시에 열립니다. 종목은 하프, 10km, 5km이며 참가비는 세 종목 모두 5만원으로 안내돼 있습니다. 주최는 사단법인 대한이에스지협회로 표시돼 있고 공식 홈페이지는 blueskyrun.kr입니다.","접수 마감 직후라 신규 신청보다 참가자 운영 체크 성격이 큽니다. 참가자는 현충일 아침 상암권 교통, 집결 위치, 5K와 하프 출발 운영을 미리 확인해야 합니다.",https://runxel.com/events/pureunhaneul-run-2026-06-06,Runxel,2026-05-30,"푸른하늘런 참가자는 상암 평화광장 집결과 현충일 교통 확인.",reviewed,"Runxel에서 일정, 장소, 종목, 참가비, 주최, 공식 홈페이지 연결 확인."
2026-05-30-16,2026-05-30,no,korea,event,"1222계단 남한산성 트레일런, 6월 6일 15K·8K 산길 레이스","고러닝 기준 2026 1222계단 남한산성 트레일런은 6월 6일 서울 마천역 1번 출구 인근에서 09시에 열립니다. 종목은 15km와 8km이며 주최자는 사단법인 한국산악마라톤연맹입니다. 안내에는 더워지는 날씨와 남한산성 홍보를 이유로 대회를 앞당겼다는 설명이 포함돼 있습니다.","남한산성 계단과 산길을 달리는 일정이라 일반 도로 10K와 준비가 다릅니다. 참가자는 더위, 계단 피로, 하산 후 회복 시간을 고려해 전날 컨디션과 신발 접지력을 확인해야 합니다.",https://gorunning.kr/races/746/2026-1222-stairs-namhansanseong-trail-run/,고러닝,2026-05-30,"남한산성 1222계단 트레일런, 거리보다 계단 피로와 더위 대비.",reviewed,"고러닝에서 대회일, 장소, 종목, 주최, 대회 설명 확인. 접수 마감 표기는 공식 사이트 재확인 필요."
2026-05-30-16,2026-05-30,yes,global,training,"스피드워크 최소량 정리…초보자는 격주 짧은 가속부터","Runner's World는 5월 29일 레이스 준비를 위해 필요한 주간 스피드워크의 최소량을 코치 의견으로 정리했습니다. 기사에서는 초보자는 정식 인터벌보다 짧은 가속, 완만한 픽업, 언덕 노력을 격주로 맛보는 정도에서 시작하고, 스피드워크가 처음인 러너는 주 1회 20초 스트라이드 10회 같은 방식으로 접근하라고 설명합니다. 목표 기록이 있는 러너에게도 주 1회 품질 세션이 의미 있는 진전을 만들 수 있다고 봅니다.","여름으로 넘어가는 시기에 무리하게 인터벌을 늘리면 부상 위험이 커집니다. 기록을 노리는 러너도 스피드 세션은 회복 가능한 빈도로 시작하고, 다음날 회복주가 무너지지 않는지 확인해야 합니다.",https://www.runnersworld.com/training/a71444262/amount-of-weekly-speedwork-to-get-faster/,Runner's World,2026-05-29,"스피드워크는 많이보다 회복 가능한 최소량부터.",reviewed,"Runner's World 5/29 기사에서 초보자 격주 강도 변화, 주 1회 스트라이드, 목표 기록별 속도 훈련 기준 확인."
2026-05-30-16,2026-05-30,yes,global,training,"러닝 알파벳 챌린지 유행…지루한 조깅을 게임처럼 바꾸기","Runner's World는 5월 29일 러너들이 소셜미디어에서 알파벳 챌린지를 활용해 달리기에 변화를 주고 있다고 소개했습니다. 한 버전은 지나가는 사람에게 알파벳 순서로 인사하고, 다른 버전은 달리며 알파벳 순서의 사물을 찾는 방식입니다. 기사에서는 반복적인 러닝 루틴에 사회적 상호작용과 놀이 요소를 넣는 흐름으로 봅니다.","입문 러너에게 꾸준함은 페이스보다 재미에서 나올 때가 많습니다. 회복주나 느린 조깅 날에는 기록을 보지 않고 주변 관찰, 동반자 대화, 동네 루트 탐색으로 지루함을 줄일 수 있습니다.",https://www.runnersworld.com/news/a71442627/running-alphabet-challenge-social-media/,Runner's World,2026-05-29,"느린 조깅이 지루하면 알파벳 챌린지처럼 놀이 요소를 넣기.",reviewed,"Runner's World 5/29 기사에서 챌린지 방식, 소셜미디어 유행, 러닝 루틴 변화 관점 확인."
2026-05-30-16,2026-05-30,no,global,safety,"러닝 자세보다 먼저 볼 것…내 보행 패턴과 착지 감각","Runner's World는 5월 29일 러닝 게이트를 이해하는 글을 최신 목록에 올렸습니다. 기사에서는 발이 땅에 닿는 방식, 보폭, 자세, 부상 이력처럼 달릴 때 반복되는 움직임을 확인하는 관점을 다룹니다. 핵심은 완벽한 폼을 따라 하기보다 자신의 움직임과 반복되는 통증 신호를 읽는 데 있습니다.","신발을 바꾸거나 훈련량을 늘릴 때 통증이 반복된다면 페이스보다 움직임 관찰이 먼저입니다. 러너는 영상 촬영, 신발 마모, 착지 위치를 확인해 과한 보폭이나 좌우 차이를 점검할 수 있습니다.",https://www.runnersworld.com/training/a37134531/how-to-fix-your-running-gait/,Runner's World,2026-05-29,"폼 교정은 완벽한 자세보다 내 착지와 통증 패턴 확인부터.",reviewed,"Runner's World 5/29 기사 링크와 홈페이지 최신 기사 목록에서 발행일, 러닝 게이트 주제 확인."
2026-05-30-16,2026-05-30,no,global,training,"여성에게 추월당하는 걸 부끄러워하는 문화, 레이스 매너로 다시 보기","Runner's World는 5월 29일 'getting chicked'라는 표현과 남성 러너가 여성에게 추월당하는 상황을 수치처럼 말하는 문화를 비판했습니다. 기사에서는 최근 호주 올림피언 발언 논란을 계기로, 레이스에서 성별보다 각자의 페이스와 경쟁 태도가 중요하다고 짚습니다. 지역 대회 응원 문화에서도 이런 표현이 반복된다고 설명합니다.","국내 대회에서도 추월, 응원, 농담은 분위기를 바꿉니다. 기록을 겨루더라도 상대의 성별을 조롱의 기준으로 삼지 않고, 같은 코스의 러너로 존중하는 태도가 필요합니다.",https://www.runnersworld.com/news/a71435110/getting-chicked-race-men-women/,Runner's World,2026-05-29,"레이스에서 추월당하는 일은 성별 농담이 아니라 페이스의 문제.",reviewed,"Runner's World 5/29 기사에서 표현 논란, 사례, 레이스 문화 비판 관점 확인."
2026-06-02-17,2026-06-02,yes,korea,event,"쉬엄쉬엄 한강3종 축제, 6월 5~7일 뚝섬·잠실 한강공원 진행","서울시 미래한강본부 안내 기준 2026 쉬엄쉬엄 한강3종 축제는 6월 5일부터 7일까지 뚝섬한강공원과 잠실한강공원 일대에서 열립니다. 달리기는 초급 5km, 중급 7km, 상급 10km로 나뉘고 수영, 자전거와 함께 기록 경쟁보다 체험형 완주 방식으로 운영됩니다. 일부 프로그램은 유료 또는 사전접수, 한강라면체험과 커피레이브 등은 무료 현장 참여로 안내돼 있습니다.","주말 한강권 러너에게는 참가 여부와 별개로 코스 혼잡, 뚝섬·잠실 동선, 현장 체험 프로그램을 확인해야 하는 일정입니다. 입문 러너는 기록 대회보다 낮은 부담으로 5km를 경험할 수 있습니다.",https://hangang.seoul.go.kr/www/eventMng/detail.do?evntSn=382&mid=538&srchType=list,서울시 미래한강본부,2026-06-02,"쉬엄쉬엄 한강3종, 6/5~7 한강권 코스와 체험 동선 확인.",reviewed,"서울시 미래한강본부 공식 행사 페이지에서 일정, 장소, 달리기 거리, 주요 프로그램, 참가 방식 확인."
2026-06-02-17,2026-06-02,yes,korea,event,"백산수 심심런, 여의도 물빛무대 3·5·10km 기부런","KorMarathon 기준 2026 백산수 심심런은 6월 6일 서울 여의도 한강공원 물빛무대 앞 광장에서 열립니다. 종목은 3km, 5km, 10km이고 참가비는 모두 5만원으로 안내돼 있습니다. 주최사는 한국백혈병소아암협회이며 대회 안내에는 참가비 전액이 소아암 치료비로 기부된다고 설명돼 있습니다.","발행 주말 서울 한강권에서 열리는 기부형 러닝입니다. 참가자는 접수보다 현장 집결과 여의도 한강공원 동선, 비참가 러너는 같은 시간대 한강 주로 혼잡을 확인해야 합니다.",https://www.kormarathon.com/ko/races/2026-baeksansoo-simsimrun,KorMarathon,2026-06-02,"백산수 심심런, 여의도 한강권 동선과 기부 의미 함께 보기.",reviewed,"KorMarathon에서 일정, 장소, 종목, 참가비, 주최사, 대회 취지, 공식 홈페이지 연결 확인."
2026-06-02-17,2026-06-02,no,korea,event,"1222계단 남한산성 트레일런, 6월 6일 마천역 출발 15K·8K","고러닝 기준 2026 1222계단 남한산성 트레일런은 6월 6일 09시 서울 마천역 1번 출구 인근에서 출발합니다. 종목은 15km와 8km이며 주최자는 한국산악마라톤연맹입니다. 대회 설명에는 더워지는 날씨를 고려해 남한산성 홍보 목적의 대회를 앞당겼다는 내용이 포함돼 있습니다.","서울 근교 산길이지만 계단과 고도가 있어 일반 10K와 체감 피로가 다릅니다. 참가자는 신발 접지력, 물 보급, 하산 후 회복 시간을 평지 대회보다 보수적으로 잡아야 합니다.",https://gorunning.kr/races/746/2026-1222-stairs-namhansanseong-trail-run/,고러닝,2026-06-02,"남한산성 1222계단, 거리보다 계단 피로와 더위 대비.",reviewed,"고러닝에서 일정, 장소, 종목, 주최, 대회 설명 확인. 접수 마감 표기는 행사일 이후로 표시돼 있어 최종 참가 가능 여부는 공식 사이트 재확인 필요."
2026-06-02-17,2026-06-02,yes,korea,event,"양평이봉주마라톤, 6월 6일 7시 집결·8시 출발","공식 홈페이지 기준 제28회 양평 이봉주 마라톤 대회 겸 경인일보 남한강 마라톤 대회는 6월 6일 양평강상체육공원 일원에서 열립니다. 대회 안내에는 7시 집결, 8시 출발로 표시돼 있고 남한강변 코스 성격을 강조합니다. Runxel 일정에는 하프, 10km, 4km, 커플런 종목과 3만원부터의 참가비가 정리돼 있습니다.","현충일 아침 수도권 외곽 레이스라 새벽 이동과 주차, 집결 시간을 놓치기 쉽습니다. 참가자는 더위보다 먼저 출발 전 동선과 남한강변 코스의 노출 구간을 확인하는 게 좋습니다.",https://www.hangangmarathon.net/,양평이봉주마라톤 공식,2026-06-02,"양평이봉주마라톤, 7시 집결과 남한강변 노출 구간 확인.",reviewed,"공식 홈페이지에서 대회일, 출발·집결 시간, 장소 확인. Runxel 월간 일정에서 종목과 참가비 교차 확인."
2026-06-02-17,2026-06-02,no,korea,event,"강서허준런, 7월 1일 접수 예정…마곡광장 패밀리런 포함","고러닝 기준 제4회 강서허준런은 10월 10일 09시 서울 마곡광장에서 열립니다. 종목은 10km, 5km, 3km 패밀리런이며 접수는 7월 1일부터 7월 9일까지로 표시돼 있습니다. 대회 설명은 허준축제의 시작을 알리는 행사이자 서울식물원 일대를 달리는 축제형 러닝으로 안내합니다.","가을 서울권 가족형 러닝 일정을 미리 잡으려는 독자에게 유용합니다. 접수 기간이 짧게 표시돼 있어 관심 러너는 7월 1일 전 공식 홈페이지와 결제 준비를 확인해두는 편이 안전합니다.",https://gorunning.kr/races/1129/4th-gangseo-heojun-run/,고러닝,2026-06-02,"강서허준런, 7/1 접수 전 가족형 거리와 마곡 동선 확인.",reviewed,"고러닝에서 일정, 장소, 종목, 접수 기간, 주최, 공식 사이트 연결 확인."
2026-06-02-17,2026-06-02,no,korea,event,"대구 북구사랑 마라톤, 8월 3일 접수 시작…10K 2만원·5K 1만원","고러닝 기준 제22회 대구 북구사랑 마라톤은 10월 18일 09시 대구 금호강 산격야영장에서 열립니다. 접수 기간은 8월 3일부터 8월 24일까지로 표시돼 있고 종목은 10km와 5km입니다. 대회 설명에는 참가비 10km 2만원, 5km 1만원, 참가 인원 약 1,400명으로 안내돼 있습니다.","가을 지역 생활체육 대회 중 참가비가 낮고 5K 비중이 큰 편입니다. 대구권 입문 러너나 가족 참가자는 접수 시작일과 우편 발송 기념품, 금호강 자전거도로 코스 특성을 미리 확인하면 좋습니다.",https://gorunning.kr/races/1130/22nd-daegu-bukgu-marathon/,고러닝,2026-06-02,"대구 북구사랑 마라톤, 저가 5K·10K는 8/3 접수 시작.",reviewed,"고러닝에서 일정, 장소, 종목, 접수 기간, 참가비, 모집 규모, 주최 확인."
2026-06-02-17,2026-06-02,yes,global,gear,"ASICS Novablast 6 공개…데일리 트레이너에 새 반발 폼 적용","ASICS는 5월 29일 Novablast 6을 공개하며 브랜드의 데일리 러닝화 라인에 FF TURBO SQUARED 트램펄린 포드를 적용했다고 밝혔습니다. 공식 발표는 가벼운 구조, 반응성 있는 쿠셔닝, 더 역동적인 승차감을 핵심 변화로 설명합니다. T3도 같은 날 Novablast 6 출시를 전하며 슈퍼슈즈 계열 폼을 일상 훈련화에 넣은 흐름으로 해석했습니다.","데일리 트레이너에도 고반발 폼 경쟁이 들어오고 있습니다. 러너는 기록화처럼 빠른 느낌만 볼 게 아니라 매일 신는 신발에서 안정감, 내구성, 가격 대비 훈련 용도를 함께 따져야 합니다.",https://corp.asics.com/en/press/article/the-new-novablasttm-6-shoe-is-here-delivering-more-energy-for-body-and-mind,ASICS Global,2026-05-29,"Novablast 6, 고반발 폼이 데일리 트레이너로 내려오는 흐름.",reviewed,"ASICS 공식 보도자료와 T3 5/29 기사에서 출시일, 기술명, 제품 포지션 확인."
2026-06-02-17,2026-06-02,yes,global,news,"글로벌 러닝 데이, 6월 3일 전 세계 커뮤니티 러닝으로 진행","Running Industry Alliance는 2026년 글로벌 러닝 데이가 6월 3일 열린다고 정리하며 러닝 커뮤니티, 리테일러, 브랜드, 이벤트가 각자 로컬 허브와 그룹런을 만드는 날이라고 소개했습니다. Peloton Buddy는 뉴욕, 런던, 토론토에서 6월 3일 오프라인 런클럽 이벤트가 열린다고 전했습니다. 국내 독자에게는 특정 해외 행사보다 '동네 러닝 모임을 찾거나 직접 5K를 정하는 날'로 읽는 편이 실용적입니다.","기록 대회가 아니어도 러닝을 시작하거나 복귀할 명분이 되는 날짜입니다. 혼자 달리기 어려운 입문자는 내일 20~30분 조깅이나 가까운 크루런을 목표로 잡기 좋습니다.",https://www.runningindustryalliance.com/global-running-day-2026-more-than-miles-a-movement-connecting-people-communities-and-industry/,Running Industry Alliance,2026-06-02,"6/3 글로벌 러닝 데이, 내 동네 5K나 크루런으로 활용.",reviewed,"Running Industry Alliance와 Peloton Buddy에서 2026년 6월 3일, 커뮤니티 러닝 이벤트 흐름 확인."
2026-06-02-17,2026-06-02,no,global,elite,"케젤차 10K 세계기록 26분31초 공식 비준…도로 10K 기준 다시 보기","Canadian Running은 6월 1일 World Athletics가 요미프 케젤차의 10km 도로 세계기록 26분31초를 공식 비준했다고 전했습니다. World Athletics 기록 페이지도 남자 10km 역대 목록 최상단에 Kejelcha의 26분31초 기록을 표시합니다. 같은 주 마드리드에서 로드리그 크위제라가 26분01초를 냈지만 코스 조건 때문에 세계기록으로 인정되지 않는다는 보도도 함께 나왔습니다.","도로 10K는 짧은 입문 거리만이 아니라 세계기록과 코스 인증이 민감하게 갈리는 종목입니다. 국내 러너도 10K 기록을 비교할 때 내리막, 공인 코스, 출발·도착 지점 조건을 함께 봐야 합니다.",https://runningmagazine.ca/the-scene/sub-2-hour-marathoners-10k-world-record-is-official/,Canadian Running Magazine,2026-06-01,"10K 기록 비교는 기록 숫자와 코스 인증을 함께 봐야 합니다.",reviewed,"Canadian Running 6/1 기사, World Athletics 10km 기록 페이지, 스페인 매체의 Kwizera 26:01 코스 조건 보도 확인."
2026-06-02-17,2026-06-02,no,global,news,"미국 울트라러너 타일러 앤드루스, 에베레스트 산소 보조 등정 속도 기록 보고","Boston.com은 5월 29일 미국 매사추세츠 출신 타일러 앤드루스가 산소 보조를 사용한 에베레스트 등정 속도 기록을 세웠다고 보도했습니다. 기사에 따르면 앤드루스는 로드러닝에서 산악 지구력 스포츠로 전향한 울트라러너이며, 이전에도 에베레스트 속도 기록에 여러 차례 도전했습니다. CBS도 AFP 보도를 인용해 그의 팀이 기록 달성을 밝혔다고 전했습니다.","트레일과 산악 지구력 스포츠가 로드러닝과 점점 맞닿는 흐름입니다. 일반 러너에게는 기록 자체보다 고도, 산소, 회복, 위험 관리가 로드 레이스와 전혀 다르다는 점을 읽는 소식입니다.",https://www.boston.com/news/local-news/2026/05/29/mass-man-reports-beating-mount-everest-speed-climbing-record/,Boston.com,2026-05-29,"울트라러너의 산악 기록, 로드와 다른 위험 관리까지 보기.",reviewed,"Boston.com 5/29 기사와 CBS 보도에서 인물, 기록 성격, 산소 보조, 로드러닝에서 산악 지구력 스포츠로의 전환 배경 확인."
2026-06-04-18,2026-06-04,yes,korea,event,"런 지중해의 밤 마라톤, 6월 5일 접수 마감·아산 5km 야간런","고러닝 기준 2026 런 지중해의 밤 마라톤은 6월 13일 20시 충남 아산시 지중해마을 광장에서 열립니다. 종목은 5km이고 접수 기간은 5월 1일부터 6월 5일까지로 안내돼 있습니다. 대회 설명은 야간 라이트런, 디제잉파티, 특별구간과 포토타임을 주요 프로그램으로 소개합니다.","접수 마감이 발행 다음 날이라 바로 결정해야 하는 일정입니다. 낮 더위가 부담스러운 러너에게는 짧은 야간 5km 선택지이지만, 이동 시간과 밤 코스 안전을 먼저 확인해야 합니다.",https://gorunning.kr/races/1060/2026-mediterranean-village-light-run/,고러닝,2026-06-04,"아산 지중해마을 5km 야간런, 6/5 접수 마감 전 이동과 밤 코스 확인.",reviewed,"고러닝에서 대회일, 출발 시간, 장소, 접수 마감, 종목, 주최, 공식 접수 페이지 연결 확인."
2026-06-04-18,2026-06-04,yes,korea,event,"김대중 평화 마라톤, 6월 7일 접수 마감·상암 하프·10K·5K","고러닝 기준 제11회 김대중 평화 마라톤은 6월 14일 09시 서울 상암 월드컵공원 평화광장에서 열립니다. 종목은 하프, 10km, 5km이고 접수 마감은 6월 7일로 안내돼 있습니다. 참가비는 5km 4만5천원, 10km와 하프 5만원으로 정리돼 있습니다.","서울권 주말 대회를 찾는 러너에게 아직 선택지가 남아 있는 일정입니다. 상암 월드컵공원은 반복적으로 대회가 열리는 장소라 주차보다 대중교통, 물품보관, 출발 전 화장실 동선을 먼저 잡는 편이 좋습니다.",https://gorunning.kr/races/944/11th-kim-dae-jung-peace-marathon/,고러닝,2026-06-04,"김대중 평화 마라톤, 6/7 전 거리와 상암 동선부터 결정.",reviewed,"고러닝에서 일정, 장소, 종목, 접수 마감, 참가비, 주최 정보를 확인."
2026-06-04-18,2026-06-04,no,korea,event,"제2회 희망 서울마라톤, 여의도공원 6월 20일 08시 출발","공식 홈페이지 기준 제2회 희망 서울마라톤은 6월 20일 08시 서울 여의도공원 문화의마당에서 출발합니다. 접수는 6월 11일까지이며 종목은 5km, 10km, 하프입니다. 참가비는 전 종목 5만원이고 주최·주관은 대한민국 육군학사장교 강남지구회로 안내돼 있습니다.","여의도공원 출발 대회는 접근성이 좋지만 한강권 주말 혼잡이 큽니다. 참가자는 접수 마감 전 거리 선택과 함께 8시 출발 기준 이동, 물품보관, 더위 대비를 같이 계획해야 합니다.",https://hoperun.kr/,제2회 희망 서울마라톤 공식,2026-06-04,"희망 서울마라톤, 6/11 접수 마감 전 여의도 8시 출발 준비.",reviewed,"공식 홈페이지에서 대회일, 출발 시간, 장소, 접수 기간, 종목, 참가비, 주최·주관 확인."
2026-06-04-18,2026-06-04,yes,korea,event,"DC SUPER HERO RUN, Runxel 기준 대회취소 표기","Runxel은 DC SUPER HERO RUN 페이지 제목에 대회취소를 표시하고 있습니다. 같은 페이지에는 원래 6월 13일 07시 30분 서울 여의도공원 문화의마당에서 10km 종목, 참가비 7만5천원으로 운영될 예정이었다는 정보가 남아 있습니다. 고러닝과 일부 일정 사이트에는 아직 접수중 또는 일정 정보가 남아 있어 참가 예정자는 공식 채널 확인이 필요합니다.","취소·변경 정보는 새 대회 소식만큼 중요합니다. 이미 신청했거나 여의도권 훈련 일정을 조정한 러너는 환불, 대체 일정, 현장 운영 여부를 공식 접수처에서 다시 확인해야 합니다.",https://runxel.com/events/dc-super-hero-run-2026-06-13,Runxel,2026-06-04,"DC 슈퍼히어로런은 참가 전 취소·환불 공지를 먼저 확인.",reviewed,"Runxel 상세 페이지에서 대회취소 표기, 원래 일정, 장소, 종목, 참가비, 주최 확인. 다른 일정 사이트와 상태 표기가 달라 공식 채널 재확인 필요."
2026-06-04-18,2026-06-04,no,korea,event,"충주마라톤, 충주종합운동장 이른 아침 레이스 점검","KorMarathon과 런마일 기준 2026 제25회 충주마라톤대회는 6월 20일 충주종합운동장에서 열립니다. 출발 시간은 07시 30분으로 안내되고 종목은 하프, 10km, 5km입니다. 참가비는 하프와 10km 4만원, 5km 3만원으로 정리돼 있습니다.","여름 초입 지방 대회는 출발 시간이 빠르지만 이동이 더 큰 변수입니다. 참가자는 전날 숙박, 7시 전후 집결, 충주종합운동장 주변 주차와 수분 보급을 먼저 챙겨야 합니다.",https://www.kormarathon.com/ko/races/2026-25th-chungju-marathon,KorMarathon,2026-06-04,"충주마라톤 참가자는 7:30 출발보다 전날 이동 계획이 먼저.",reviewed,"KorMarathon에서 개최일, 장소, 접수 기간, 종목, 참가비, 대회 안내 확인. 런마일에서 출발 시간, 기록 측정, 모집 규모, 문의 정보 교차 확인."
2026-06-04-18,2026-06-04,no,korea,event,"큰별 나눔 마라톤, 6월 말 서울 기부형 레이스 후보","김러닝 기준 2026 큰별 나눔 마라톤은 6월 27일 서울 상암 월드컵공원 평화광장에서 열립니다. 종목은 하프, 10km, 5km이고 참가비는 전 종목 5만원으로 안내돼 있습니다. 집결은 08시, 출발은 09시이며 주최는 사단법인 큰별나눔봉사회로 정리돼 있습니다.","상암권 대회가 많아 보일수록 주최, 목적, 접수 마감, 운영 품질을 구분해서 봐야 합니다. 기부형 대회에 관심 있다면 참가 의미와 실제 레이스 운영 조건을 함께 확인하는 편이 좋습니다.",https://kimrunning.com/marathon/241,김러닝,2026-06-04,"큰별 나눔 마라톤, 기부 의미와 상암권 운영 조건 함께 확인.",reviewed,"김러닝에서 일정, 장소, 종목, 집결·출발 시간, 접수 기간, 참가비, 주최, 공식 홈페이지 연결 확인. 마라톤모아와 dot195에서 일정·장소 교차 확인."
2026-06-04-18,2026-06-04,no,korea,event,"순천 치유 미식 트레일런, 6월 27일 선암사 14K 숲길 러닝","Runxel 기준 2026 순천 치유 미식 트레일런은 6월 27일 09시 전남 순천 선암사에서 열립니다. 행사 소개는 조계산 천년불심길을 활용한 숲길 러닝으로, 일반 도로보다 노면 변화와 오르막·내리막이 많다고 안내합니다. 사찰과 탐방객이 함께 이용하는 길이라 코스 외 진입, 고성방가, 쓰레기 투기, 무리한 추월 금지도 강조돼 있습니다.","트레일 입문자는 거리보다 코스 매너와 노면 적응이 중요합니다. 로드 10km 감각으로 접근하기보다 등산객 동선, 접지력 있는 신발, 하산 후 회복 시간까지 생각해야 합니다.",https://runxel.com/events/suncheon-chiyu-misik-trail-run-2026-06-27,Runxel,2026-06-04,"순천 선암사 트레일런, 기록보다 탐방로 매너와 노면 적응 먼저.",reviewed,"Runxel에서 일정, 장소, 주최, 종목, 접수 상태, 코스 특성, 안전·매너 안내 확인."
2026-06-04-18,2026-06-04,yes,global,gear,"Runner’s World 2026 슈즈 어워드, 데일리화·레이싱화·트레일화 107종 테스트","Runner’s World는 6월 2일 2026 Shoe Awards를 공개하며 107개 모델을 테스트해 트레이닝화, 레이싱화, 트레일화 추천을 나눴다고 밝혔습니다. 기사에서는 데일리 트레이너도 가볍고 탄성이 좋아져 레이스까지 겸하는 흐름이 강해졌다고 설명합니다. 테스트 팀은 약 300명의 러너로 구성됐다고 안내했습니다.","새 신발을 고를 때 브랜드 신제품 홍보보다 다수 러너 테스트 관점을 참고할 수 있습니다. 국내 러너는 수상 목록 자체보다 내 훈련 목적이 데일리, 레이스, 트레일 중 어디에 가까운지 먼저 나누는 게 좋습니다.",https://www.runnersworld.com/gear/a71282136/shoe-awards-2026/,Runner's World,2026-06-02,"슈즈 어워드는 순위보다 내 훈련 목적별 카테고리 나누기에 쓰기.",reviewed,"Runner's World 6/2 Shoe Awards에서 발행일, 테스트 모델 수, 테스트 팀 규모, 카테고리, 데일리 트레이너 고반발 흐름 확인."
2026-06-04-18,2026-06-04,yes,global,training,"주 3회 마라톤 훈련법, 적게 뛰되 각 세션 목적을 분명히 하기","Runner’s World는 6월 2일 주 3회 러닝으로 마라톤을 준비할 때 필요한 핵심 세션을 정리했습니다. 기사에서는 3회만 달린다는 뜻이 전체 훈련일이 3일이라는 뜻은 아니며, 나머지 날에는 저충격 크로스트레이닝, 근력운동, 최소 1일 완전 휴식이 필요하다고 설명합니다. 핵심은 쉬운 주, 품질 세션, 장거리주를 목적 있게 배치하는 방식입니다.","바쁜 직장인 러너에게 훈련량을 무작정 늘리는 것보다 회복 가능한 구조가 더 현실적입니다. 풀코스를 준비한다면 러닝 횟수보다 각 주의 장거리주와 회복 상태가 무너지지 않는지 확인해야 합니다.",https://www.runnersworld.com/training/a71461989/3-day-a-week-marathon-training-workouts/,Runner's World,2026-06-02,"주 3회 마라톤 훈련은 적게 뛰는 계획이 아니라 목적 있는 계획.",reviewed,"Runner's World 6/2 기사에서 발행일, 물리치료사 코멘트, 주 3회 핵심 러닝과 크로스트레이닝·근력·휴식 조건 확인."
2026-06-04-18,2026-06-04,no,global,news,"미국 메이저 마라톤 참가 열기 확대, 더 커지는 대회와 운영 부담","Runner’s World는 6월 1일 미국 메이저 마라톤들이 러닝 붐에 맞춰 참가 규모를 키우고 있다고 보도했습니다. 기사에서는 뉴욕시마라톤 완주자 수가 2023년 이후 15% 늘었다고 설명하고, 보스턴에서는 셔틀 대기 지연 같은 운영 부담도 함께 나왔다고 전했습니다. 전문가 의견으로 출발 시간대를 늘리면 수용 인원을 더 키울 수 있지만 러너와 자원봉사자의 대기·근무 부담도 커진다고 짚었습니다.","국내 대형 대회도 참가 수요가 커질수록 출발 웨이브, 셔틀, 물품보관, 화장실 운영이 기록만큼 중요해집니다. 러너는 인기 대회를 고를 때 코스보다 대회 운영 후기를 같이 보는 습관이 필요합니다.",https://www.runnersworld.com/news/a71443345/us-marathon-majors-growing/,Runner's World,2026-06-01,"대형 마라톤은 규모 확대보다 출발·셔틀·대기 운영이 체감 품질을 가릅니다.",reviewed,"Runner's World 6/1 기사에서 미국 메이저 마라톤 규모 확대, 뉴욕 완주자 증가, 보스턴 셔틀 지연, 출발 시간대 확대의 부담 확인."
2026-06-06-19,2026-06-06,yes,korea,event,"선사마라톤 축제, 강동구민 접수 먼저 시작","고러닝 기준 2026(20회) 선사마라톤 축제는 9월 20일 서울 암사동 유적 앞 특설무대에서 열립니다. 하프부터 걷기 코스까지 운영되며, 접수창은 6월 8일부터 11일까지 짧게 열립니다. 강동구민 모집이 먼저 시작되고 일반 모집은 6월 11일로 안내돼 있습니다.","접수 기간이 매우 짧고 강동구민과 일반 모집일이 나뉘어 있어 놓치기 쉽습니다. 서울 동부권 가을 대회를 찾는 러너는 6월 8일과 11일을 따로 캘린더에 넣어야 합니다.",https://gorunning.kr/races/1125/2026-20th-sunsa-marathon/,고러닝,2026-06-06,"선사마라톤은 강동구민 6/8, 일반 6/11 접수창을 따로 보기.",reviewed,"고러닝에서 대회일, 장소, 종목, 등록 기간, 강동구민·일반 모집일과 인원 확인."
2026-06-06-19,2026-06-06,yes,korea,event,"동대문마라톤, 6월 10일 접수 시작","고러닝과 RunnerGuides 기준 2026 동대문마라톤은 9월 20일 서울 중랑천 제1수변공원에서 열립니다. 하프, 10km, 5km가 함께 운영되고 접수는 6월 10일 시작됩니다. 주최는 동대문구육상연맹입니다.","서울 중랑천 코스를 선호하는 러너에게 가을 일정표에 넣을 만한 생활체육 대회입니다. 같은 9월 20일 서울권 대회가 겹치므로 접수 전에 장소와 주최, 이동 동선을 정확히 구분해야 합니다.",https://gorunning.kr/races/1136/2026-dongdaemun-marathon/,고러닝,2026-06-06,"동대문마라톤, 6/10 접수 전 중랑천 일정과 같은 날 대회 구분.",reviewed,"고러닝과 RunnerGuides에서 대회일, 장소, 종목, 접수 기간, 주최, 공식 홈페이지 연결 확인."
2026-06-06-19,2026-06-06,yes,korea,event,"강화해변마라톤, 6월 8일 접수 시작","대회 안내 기준 제26회 강화해변마라톤대회는 9월 13일 강화 함상공원에서 출발합니다. 접수는 6월 8일부터 열리고, 전체 모집은 3,500명 선착순입니다. 하프와 10km는 기록 측정 대상이고 5km는 완주 중심으로 운영됩니다.","수도권 서해안 코스를 찾는 러너에게 접근성과 여행성이 함께 있는 대회입니다. 기록 확인이 목적이라면 거리별 운영 차이를 먼저 보고 선택해야 합니다.",https://ganghwamarathon.co.kr/,강화해변마라톤 공식,2026-06-06,"강화해변마라톤은 6/8 접수 시작, 5km 기록 운영 차이 확인.",reviewed,"공식 홈페이지에서 대회일, 장소, 인원, 부문, 참가비, 기록칩 제공 조건, 환불·변경 기한 확인. RunnerGuides에서 접수 기간 교차 확인."
2026-06-06-19,2026-06-06,no,korea,event,"동두천천사마라톤, 캠프보산 10월 레이스 6월 4일 접수 오픈","Runningwiki 기준 2026 천사데이기념 동두천천사마라톤은 10월 3일 09시 경기도 동두천시 캠프보산에서 열립니다. 종목은 10km, 5km, 걷기 2km이고 접수 기간은 6월 4일부터 9월 30일까지로 안내돼 있습니다. 주최는 사단법인 희망지킴이 천사운동본부입니다.","기록형 대회보다 나눔과 지역 축제 성격이 강한 가을 레이스입니다. 가족이나 입문 러너는 2km 걷기와 5km를, 기록 점검 러너는 10km 운영 조건을 나눠 보면 좋습니다.",https://runningwikii.com/entry/dongducheon-1004-marathon/,Runningwiki,2026-06-06,"동두천천사마라톤, 캠프보산 가을 러닝은 거리별 목적을 나눠 보기.",reviewed,"Runningwiki에서 6/3 업데이트 글의 대회일, 장소, 종목, 접수 기간, 주최, 공식 홈페이지 연결 확인."
2026-06-06-19,2026-06-06,no,korea,event,"울릉나이트런, 7월 18일 현포항 야간 여행형 러닝 후보","고러닝과 RunnerGuides 기준 제2회 울릉나이트런은 7월 18일 경북 울릉군 현포항에서 열리는 10km 대회입니다. 고러닝 메인 신규 추가 목록에는 1일 전 추가, 등록 6월 21일까지로 표시돼 있고 RunnerGuides도 접수중, 접수 임박 상태로 정리했습니다. 도서 지역 대회라 현장 참가 가능 여부는 공식 홈페이지에서 교통과 숙박까지 함께 확인해야 합니다.","울릉도 대회는 거리보다 이동과 숙박이 가장 큰 변수입니다. 야간 10km라는 매력만 보고 신청하기보다 배편, 숙소, 귀가 일정을 먼저 확정해야 합니다.",https://www.runnerguides.com/?page=3,RunnerGuides,2026-06-06,"울릉나이트런은 10km보다 배편·숙박을 먼저 확인하는 여행형 러닝.",reviewed,"고러닝 메인 신규 추가 목록과 RunnerGuides 일정표에서 대회일, 지역, 종목, 접수 상태, 접수 임박 표시 확인."
2026-06-06-19,2026-06-06,no,korea,event,"대청호마라톤, 6월 10일 접수 시작·대전 가을 힐링 코스","Runningwiki 기준 제25회 대청호마라톤 2026은 10월 18일 09시 대전 대청공원에서 열립니다. 종목은 하프, 10km, 5km이고 접수 기간은 6월 10일부터 7월 13일까지로 안내돼 있습니다. 참가비는 하프와 10km 3만5천원, 5km 2만원으로 정리돼 있습니다.","대전·충청권 러너에게 가을 하프와 10km 실전 점검 후보입니다. 대청호 수변 코스는 풍경이 좋지만 출발 전 이동, 주차, 코스 고저와 보급 위치를 먼저 확인해야 합니다.",https://runningwikii.com/entry/daecheongho-marathon/,Runningwiki,2026-06-06,"대청호마라톤, 6/10 접수 시작 전 대청공원 동선과 코스 확인.",reviewed,"Runningwiki 6/1 업데이트 글에서 대회일, 장소, 종목, 접수 기간, 참가비, 주최, 문의 정보 확인."
2026-06-06-19,2026-06-06,yes,global,gear,"PUMA Deviate Pure NITRO, 플레이트 없는 빠른 훈련화","PUMA는 Deviate Pure NITRO를 6월 4일 전 세계 출시한다고 밝혔습니다. 이 모델은 카본 플레이트 없이 빠른 훈련을 돕는 트레이너로 소개됐습니다. 레이스화처럼 딱딱한 추진감보다 편하게 속도를 올리는 쪽에 초점을 둔 신발입니다.","플레이트가 부담스러운 러너에게 템포화와 데일리화 사이 선택지가 늘고 있습니다. 국내 구매 가능 여부보다 먼저 플레이트 없는 빠른 훈련화가 내 주간 훈련에서 어떤 세션을 맡을지 정하는 게 좋습니다.",https://mediahub.puma.com/articles/puma-introduce-all-new-deviate-pure-nitro,PUMA Media Hub,2026-06-06,"Deviate Pure NITRO는 플레이트 없는 빠른 훈련화 흐름으로 보기.",reviewed,"PUMA 공식 발표에서 제품 포지션과 6/4 글로벌 출시 확인. T3에서 스택, 드롭, 무게, 가격 정보 교차 확인."
2026-06-06-19,2026-06-06,yes,global,training,"러닝 후반 피로를 늦추는 훈련 조정법","Runner’s World는 6월 2일 달리기 후반 피로를 늦추는 훈련 조정법을 정리했습니다. 핵심은 장거리주나 속도훈련만 늘리는 것이 아니라 근력운동, 언덕 훈련, 회복 전략을 함께 설계하는 데 있습니다. 기사에서는 꾸준한 근력운동이 긴 달리기 후반의 효율 유지에 도움이 된다는 연구도 함께 소개했습니다.","여름에는 단순히 주간 거리를 늘리기보다 피로를 덜 쌓는 구조가 중요합니다. 후반에 페이스가 무너지는 러너는 새 대회 신청보다 먼저 근력, 언덕, 회복 루틴을 한 주에 어떻게 넣을지 확인해야 합니다.",https://www.runnersworld.com/training/a71472581/running-fatigue-training-hacks/,Runner's World,2026-06-06,"후반 피로는 거리만이 아니라 근력·언덕·회복 루틴으로 늦춘다.",reviewed,"Runner's World 6/2 기사에서 발행일, 피로 지연 훈련 조정법, 2025 ACSM 연구 인용, 근력운동 주기와 효과 확인."
2026-06-06-19,2026-06-06,no,global,safety,"여름 장비 업데이트, 마찰과 수분 보급을 먼저 챙기기","Runner’s World는 6월 1일 2026 여름 러닝 장비 추천을 업데이트하며 더위, 땀, 마찰, 수분 보급을 여름 야외 러닝의 핵심 변수로 다뤘습니다. 추천 목록은 의류와 액세서리 중심이지만, 기사 첫머리는 더운 날 달리기 전 선크림, 보급, 쓸림 방지 같은 기본 준비를 강조합니다. 장비 자체보다 더위 대응 루틴을 점검하는 자료로 볼 수 있습니다.","국내 6월 러너에게는 새 장비 구매보다 기본 안전 체크가 더 중요합니다. 긴 양말, 모자, 수분 휴대, 쓸림 방지제처럼 작은 준비가 여름 장거리주의 완주감을 크게 바꿉니다.",https://www.runnersworld.com/gear/a26977933/summer-running-gear/,Runner's World,2026-06-06,"여름 장비는 멋보다 쓸림·햇빛·수분 보급 문제를 줄이는 기준으로.",reviewed,"Runner's World 6/1 업데이트 기사에서 여름 러닝 장비, 더위와 수분 보급, 마찰 방지 관점 확인."
2026-06-06-19,2026-06-06,no,global,training,"첫 하프마라톤 준비, 13.1마일보다 긴 훈련주가 주는 심리적 여유","Runner’s World는 6월 4일 런워크 방식으로 첫 하프마라톤을 준비한 사례를 통해 레이스 거리보다 조금 긴 장거리주가 주는 효과를 다뤘습니다. 기사에서는 실제 대회일에는 워밍업, 이동, 출발선까지의 걸음 때문에 13.1마일보다 더 움직일 수 있다고 설명합니다. 코치 의견으로는 긴 훈련주가 체력뿐 아니라 레이스 당일 불안을 줄이는 데 도움이 된다고 정리합니다.","국내 하프 대회를 처음 준비하는 러너에게 현실적인 기준입니다. 무조건 더 멀리 뛰자는 뜻이 아니라, 내 회복 상태와 훈련 단계에 맞춰 대회 거리의 심리적 부담을 줄이는 방식으로 읽어야 합니다.",https://www.runnersworld.com/training/a71471242/half-marathon-training-long-run/,Runner's World,2026-06-06,"첫 하프 준비는 거리 공포를 줄이는 장거리주 설계가 핵심.",reviewed,"Runner's World 6/4 기사에서 발행일, 첫 하프마라톤 준비 사례, 런워크 방식, 레이스 당일 추가 이동과 심리적 효과 확인."
2026-06-09-20,2026-06-09,yes,korea,event,"제2회 희망 서울 마라톤, 6월 11일 접수 마감","고러닝 기준 제2회 희망 서울 마라톤은 6월 20일 서울 여의도공원 문화의마당에서 열립니다. 종목은 하프, 10km, 5km이고 접수 마감은 6월 11일로 안내돼 있습니다. 서울 한강권 주말 대회라 출발 전 이동과 현장 동선을 미리 정해야 합니다.","마감이 이틀 남은 서울권 참가형 소식입니다. 관심 러너는 거리 선택, 결제, 여의도공원 이동 계획을 이번 주 안에 확정해야 합니다.",https://gorunning.kr/races/1018/2nd-hope-seoul-marathon/,고러닝,2026-06-09,"희망 서울 마라톤, 6/11 전 거리와 여의도 동선부터 확정.",reviewed,"고러닝 상세 페이지에서 대회일, 장소, 종목, 접수 마감, 6/9 정보 검증 표기 확인."
2026-06-09-20,2026-06-09,yes,korea,event,"2027 서울마라톤, 6월 18일 접수 마감","고러닝 기준 2027 서울마라톤은 2027년 3월 21일 서울 광화문광장에서 열립니다. 종목은 풀코스와 10km이고 접수 마감은 6월 18일로 안내돼 있습니다. 서울국제마라톤 계열 대회라 내년 봄 목표 레이스를 미리 잡는 소식입니다.","아직 대회일은 멀지만 접수 마감은 다음 주입니다. 풀코스 첫 도전이나 봄 시즌 목표를 세우는 러너는 지금 일정과 훈련 가능 기간을 같이 봐야 합니다.",https://gorunning.kr/races/1151/2027-seoul-marathon/,고러닝,2026-06-09,"2027 서울마라톤은 6/18 전 내년 봄 목표와 훈련 기간부터 계산.",reviewed,"고러닝 상세 페이지에서 대회일, 장소, 종목, 접수 마감, 주최, 서울국제마라톤 설명 확인."
2026-06-09-20,2026-06-09,yes,korea,event,"소백산 국망봉 왕복 트레일, 6월 10일 접수 마감","고러닝 기준 제11회 소백산 국망봉 왕복 트레일은 6월 21일 03시 경북 죽령휴게소에서 출발합니다. 종목은 22km이고 접수 마감은 6월 10일로 안내돼 있습니다. 백두대간 산길을 달리는 트레일이라 일반 도로 대회와 준비 기준이 다릅니다.","마감이 하루 남은 상급 트레일 후보입니다. 참가자는 거리보다 새벽 출발, 산길 장비, 이동과 회복 계획을 먼저 확인해야 합니다.",https://gorunning.kr/races/812/2026-sobaeksan-jukyeong-trail-run/,고러닝,2026-06-09,"소백산 트레일은 6/10 전 새벽 출발과 산길 준비 가능성부터 보기.",reviewed,"고러닝 상세 페이지에서 대회일, 출발 시간, 장소, 종목, 접수 마감, 상세 설명 확인."
2026-06-09-20,2026-06-09,yes,korea,event,"장수트레일레이스 Fall, 6월 10일 접수 마감","고러닝 기준 2026 장수트레일레이스 Fall은 9월 19일 전북 장수종합경기장에서 열립니다. 상세 페이지에는 100km와 38K-J가 표시돼 있고, 대회 설명에는 100M, 100K, 38K-P, 38K-J, 20K 구성이 함께 안내돼 있습니다. 접수 마감은 6월 10일로 표시돼 있습니다.","트레일 대회는 접수 이후 준비 기간이 길어도 장비, 숙박, 이동을 빨리 확정해야 합니다. 마감이 하루 남은 만큼 참가 의사가 있는 러너는 거리별 자격과 준비 시간을 바로 확인해야 합니다.",https://gorunning.kr/races/925/2026-jangsu-trail-race-fall/,고러닝,2026-06-09,"장수트레일레이스 Fall, 6/10 전 거리·숙박·장비 준비 가능성 확인.",reviewed,"고러닝 상세 페이지에서 대회일, 장소, 종목, 접수 마감, 6/9 정보 검증 표기 확인."
2026-06-09-20,2026-06-09,yes,global,training,"가을 레이스 준비자를 위한 폭염 훈련 전략","Runner’s World는 6월 8일 가을 대회를 준비하는 러너가 여름 고온·고습 속에서 훈련을 유지하는 방법을 정리했습니다. 기사에서는 탈수, 열탈진, 열사병 위험을 설명하고, 수분 보급, 페이스 조정, 루트 계획, 실내 훈련 전환을 핵심 대응으로 제안합니다. 특히 체감온도가 올라갈수록 훈련 강도를 그대로 밀어붙이지 않는 것이 중요합니다.","국내 러너도 장마와 폭염 속에서 가을 10K, 하프, 풀코스를 준비해야 합니다. 여름 훈련은 의지보다 안전한 조정 능력이 기록을 지키는 기준입니다.",https://www.runnersworld.com/training/a71524763/hottest-weather-training-strategies/,Runner's World,2026-06-08,"가을 레이스 준비는 폭염에 맞춰 페이스·수분·루트를 조정하는 일부터.",reviewed,"Runner's World 6/8 기사에서 발행일, 고온 훈련 위험, 수분 보급, 페이스 조정, 루트 계획, 실내 전환 전략 확인."
2026-06-09-20,2026-06-09,no,korea,event,"전마협 10km 연대별 최강전, 6월 13일 접수 마감","고러닝 홈 기준 2026 전마협 10km 연대별 최강전은 6월 27일 충남 금산인삼엑스포주차장에서 열립니다. 종목은 10km와 5km이고 등록은 6월 13일까지로 표시돼 있습니다. 연대별 경쟁 형식이라 단순 완주형 10km와 목적이 다릅니다.","기록 점검을 원하는 러너에게는 짧은 거리의 실전 자극이 될 수 있습니다. 다만 금산 이동, 6월 말 더위, 연대별 운영 방식을 먼저 확인해야 합니다.",https://gorunning.kr/races/1111/2026-kma-10km-generational-championship/,고러닝,2026-06-09,"전마협 10km 최강전은 6/13 전 기록 점검 목적과 이동 동선 확인.",reviewed,"고러닝 홈 등록 가능 대회 목록에서 대회일, 장소, 종목, 등록 마감, 상세 URL 확인."
2026-06-09-20,2026-06-09,no,korea,event,"사우나런 in 올림픽공원, 7월 31일 서울 10K·5K","고러닝 신규 추가 목록 기준 사우나런 in 올림픽공원은 7월 31일 서울 올림픽공원에서 열립니다. 종목은 10km와 5km이고 등록은 7월 31일까지로 표시돼 있습니다. 여름 저녁 또는 고온 콘셉트형 러닝으로 읽을 수 있는 새 일정입니다.","이름부터 더위를 전제로 한 이벤트라 기록보다 컨디션 관리가 중요합니다. 참가자는 출발 시간, 급수, 코스 노출 구간, 당일 체감온도를 확인해야 합니다.",https://gorunning.kr/races/1150/sauna-run-olympic-park/,고러닝,2026-06-09,"사우나런은 콘셉트보다 더위·급수·출발 시간 확인이 먼저.",reviewed,"고러닝 홈 신규 추가 목록에서 대회일, 장소, 종목, 등록 기간, 상세 URL 확인."
2026-06-09-20,2026-06-09,no,korea,event,"전마협 증평 무료 마라톤, 8월 29일 10K 운영","고러닝 신규 추가 목록 기준 2026 전마협 증평 무료 마라톤은 8월 29일 충북 증평군 체육공원 미루나무숲에서 열립니다. 종목은 10km이고 등록은 7월 29일까지로 표시돼 있습니다. 무료 대회라는 점이 일반 참가형 대회와 다른 선택 기준입니다.","무료 대회라도 이동, 기록 운영, 보급, 참가 조건은 따로 확인해야 합니다. 충북권 러너에게는 여름 말 10km 실전 점검 후보가 될 수 있습니다.",https://gorunning.kr/races/1149/2026-jeungpyeong-free-marathon/,고러닝,2026-06-09,"증평 무료 마라톤은 참가비보다 운영 조건과 8월 더위 확인.",reviewed,"고러닝 홈 신규 추가 목록에서 대회일, 장소, 종목, 등록 마감, 상세 URL 확인."
2026-06-09-20,2026-06-09,no,korea,event,"양산 어필(up-hill) 레이스, 에덴밸리 1.7km 업힐","고러닝 신규 추가 목록 기준 2026 양산 어필(up-hill) 레이스는 8월 8일 경남 양산 에덴밸리 리조트 루지장에서 열립니다. 종목은 1.7km이고 등록은 7월 23일까지로 표시돼 있습니다. 짧은 거리지만 업힐 특성상 일반 5km보다 강도가 다르게 느껴질 수 있습니다.","거리만 보고 쉽게 판단하기 어려운 이벤트입니다. 참가자는 오르막 경사, 출발 방식, 회복 시간, 여름 리조트 이동 동선을 함께 봐야 합니다.",https://gorunning.kr/races/1148/2026-yangsan-uphill-race/,고러닝,2026-06-09,"양산 업힐 1.7km는 거리보다 경사와 회복 시간을 기준으로 보기.",reviewed,"고러닝 홈 신규 추가 목록에서 대회일, 장소, 종목, 등록 마감, 상세 URL 확인."
2026-06-09-20,2026-06-09,no,global,event,"코펜하겐 2026 세계도로러닝선수권, 일반 참가형 5K·1마일 운영","World Athletics Road Running Championships Copenhagen 26 안내에 따르면 대회는 2026년 9월 19일부터 20일까지 코펜하겐에서 열립니다. 세계 챔피언은 하프마라톤, 5km, 1마일에서 가려지고, 모든 거리는 일반 참가자에게도 열립니다. 안내에는 1마일 1만 명, 5km 2만 명, 하프마라톤 3만5천 명 규모가 표시돼 있습니다.","엘리트 선수권과 일반 참가 레이스가 결합되는 흐름을 보여주는 사례입니다. 해외 원정을 고민하는 러너에게는 기록 대회보다 축제형 도로러닝 이벤트가 커지는 신호로 볼 수 있습니다.",https://worldathletics.org/en/competitions/world-athletics-road-running-championships/copenhagen26/news,World Athletics,2026-06-09,"코펜하겐 2026은 엘리트 선수권과 일반 참가형 5K·1마일 결합으로 보기.",reviewed,"World Athletics Copenhagen 26 뉴스 페이지에서 일정, 종목, 일반 참가 개방, 거리별 수용 규모 확인."
